-- phpMyAdmin SQL Dump
-- version 5.0.1
-- https://www.phpmyadmin.net/
--
-- Host: mysql
-- Generation Time: Dec 11, 2021 at 05:26 AM
-- Server version: 8.0.19
-- PHP Version: 7.4.1

SET SQL_MODE = "NO_AUTO_VALUE_ON_ZERO";
SET AUTOCOMMIT = 0;
START TRANSACTION;
SET time_zone = "+00:00";


/*!40101 SET @OLD_CHARACTER_SET_CLIENT=@@CHARACTER_SET_CLIENT */;
/*!40101 SET @OLD_CHARACTER_SET_RESULTS=@@CHARACTER_SET_RESULTS */;
/*!40101 SET @OLD_COLLATION_CONNECTION=@@COLLATION_CONNECTION */;
/*!40101 SET NAMES utf8mb4 */;

--
-- Database: `web_keuangan_cpanel`
--

-- --------------------------------------------------------

--
-- Table structure for table `kantin`
--

CREATE TABLE `kantin` (
  `id_kantin` varchar(36) NOT NULL,
  `nama_kantin` varchar(100) NOT NULL,
  `lokasi_kantin` text NOT NULL,
  `biaya_perbulan` int NOT NULL,
  `status_delete` int NOT NULL
) ENGINE=InnoDB DEFAULT CHARSET=utf8;

--
-- Dumping data for table `kantin`
--

INSERT INTO `kantin` (`id_kantin`, `nama_kantin`, `lokasi_kantin`, `biaya_perbulan`, `status_delete`) VALUES
('6f9cfc36-8c14-4a51-ab89-abb4373fd90d', 'Kantin Pak Mamat', 'Disamping Rumah Pak Mamat', 100000, 0),
('f19a4d1c-3e44-4027-9e7e-d125989edc21', 'Kantin Pak Mamat', 'Disamping Rumah Pak Mamat', 100000, 1);

-- --------------------------------------------------------

--
-- Table structure for table `kelas`
--

CREATE TABLE `kelas` (
  `id_kelas` varchar(36) NOT NULL,
  `kelas` varchar(15) NOT NULL,
  `slug_kelas` varchar(100) NOT NULL,
  `status_delete` int NOT NULL
) ENGINE=InnoDB DEFAULT CHARSET=utf8;

--
-- Dumping data for table `kelas`
--

INSERT INTO `kelas` (`id_kelas`, `kelas`, `slug_kelas`, `status_delete`) VALUES
('13135dd2-c8ef-499d-934b-8db6fc7d28b4', 'X IPS', 'x-ips', 1),
('289cd206-4ea7-4663-97dc-e462cbefee03', 'XI MIPA 2', 'xi-mipa-2', 0),
('338da91f-e80f-401e-81ee-11b580b3547d', 'XI MIPA 1', 'xi-mipa-1', 0),
('340a7d8f-a1f7-449b-bd77-ef7dc09827c6', 'XII IPS', 'xii-ips', 0),
('86379cf5-a6e2-4a8f-aac6-3d524af8a287', 'XII MIPA 1', 'xii-mipa-1', 0),
('b4226944-ef66-41e4-a0f9-4956c9660898', 'X MIPA 1', 'x-mipa-1', 0),
('c0f55864-7cef-4ece-a474-541a83308008', 'X MIPA 2', 'x-mipa-2', 0),
('c3b17c72-c5bd-49bf-b0bd-ca5bcf653256', 'XI IPS', 'xi-ips', 0),
('d0bf1345-fde5-452c-ae9e-d088a5766bed', 'XII MIPA 2', 'xii-mipa-2', 0),
('f4c80d09-f186-4397-af73-64a157fe32f3', 'X IPS', 'x-ips', 0);

-- --------------------------------------------------------

--
-- Table structure for table `kelas_siswa`
--

CREATE TABLE `kelas_siswa` (
  `id_kelas_siswa` varchar(36) NOT NULL,
  `id_tahun_ajaran` varchar(36) NOT NULL,
  `id_siswa` varchar(36) NOT NULL,
  `id_kelas` varchar(36) NOT NULL,
  `status_delete` int NOT NULL
) ENGINE=InnoDB DEFAULT CHARSET=utf8;

--
-- Dumping data for table `kelas_siswa`
--

INSERT INTO `kelas_siswa` (`id_kelas_siswa`, `id_tahun_ajaran`, `id_siswa`, `id_kelas`, `status_delete`) VALUES
('001b5c6e-0935-4c81-91d4-fdac4527c7bd', '79e9c8e4-32b9-48b5-93be-741a6c8a0c2d', 'be99a7f2-0219-4cbf-8e9b-125c4ecc57d0', '86379cf5-a6e2-4a8f-aac6-3d524af8a287', 0),
('011f831d-dd8a-4936-9f28-16a0d7fa1683', '79e9c8e4-32b9-48b5-93be-741a6c8a0c2d', '75ef670d-5772-40dd-ab8a-1de475d68b69', 'f4c80d09-f186-4397-af73-64a157fe32f3', 0),
('016258c5-450e-4f57-aa70-efc11713e62b', '79e9c8e4-32b9-48b5-93be-741a6c8a0c2d', '0f25a8f4-efc4-4591-9d2c-01a93cf93b5e', 'c0f55864-7cef-4ece-a474-541a83308008', 0),
('01f0832c-6449-4b0b-8926-672749b8f98c', '79e9c8e4-32b9-48b5-93be-741a6c8a0c2d', '9021c800-5f53-491a-b202-f156842a0557', '289cd206-4ea7-4663-97dc-e462cbefee03', 0),
('021d7e6c-9c70-46c2-b7de-7f08dc3da325', '79e9c8e4-32b9-48b5-93be-741a6c8a0c2d', 'b000001b-8bab-4633-9096-3675c999c4b1', 'd0bf1345-fde5-452c-ae9e-d088a5766bed', 0),
('03c38bff-a70a-4fc9-8e24-6d15e3a8b494', '79e9c8e4-32b9-48b5-93be-741a6c8a0c2d', 'a87d471e-9e94-4a89-9ba4-65c6221b3b16', '338da91f-e80f-401e-81ee-11b580b3547d', 0),
('055942c2-b952-4c6b-b207-101863909037', '79e9c8e4-32b9-48b5-93be-741a6c8a0c2d', 'dc0f2bc2-db9c-4331-b502-7b430bcf3d71', '340a7d8f-a1f7-449b-bd77-ef7dc09827c6', 0),
('063c9d0b-5722-4fa8-bc67-431536c606cd', '79e9c8e4-32b9-48b5-93be-741a6c8a0c2d', '155d0f08-9c7f-4017-a5b8-5b2d0a82ee67', 'c0f55864-7cef-4ece-a474-541a83308008', 0),
('07bf3d6d-8740-4d3c-a47d-b8eb3db95bac', '79e9c8e4-32b9-48b5-93be-741a6c8a0c2d', 'ec6627b1-5f53-48a0-be01-b92ee9318557', 'c3b17c72-c5bd-49bf-b0bd-ca5bcf653256', 0),
('090dca87-fd93-43da-a719-316a1c90d7a6', '79e9c8e4-32b9-48b5-93be-741a6c8a0c2d', '41949dbc-6489-475b-b129-4ec8e3350132', '86379cf5-a6e2-4a8f-aac6-3d524af8a287', 0),
('091c0ca9-a555-4d0a-b5f0-fb45e727b123', '79e9c8e4-32b9-48b5-93be-741a6c8a0c2d', 'e9b8ce94-d833-44a1-80cc-4b65496eef4e', 'c3b17c72-c5bd-49bf-b0bd-ca5bcf653256', 0),
('09a63fc8-c67f-4221-b506-ddb12f01b3c6', '79e9c8e4-32b9-48b5-93be-741a6c8a0c2d', 'c6e56070-8d52-4ad1-aa25-05593f32f86f', 'd0bf1345-fde5-452c-ae9e-d088a5766bed', 0),
('09b3e818-08a4-48fb-9786-b0f35a901452', '79e9c8e4-32b9-48b5-93be-741a6c8a0c2d', 'aeee026a-06f9-4910-ba8b-d6651c5eb0ff', '289cd206-4ea7-4663-97dc-e462cbefee03', 0),
('09e03bfa-c8aa-495a-b64f-3f1d7e7127b4', '79e9c8e4-32b9-48b5-93be-741a6c8a0c2d', 'f7a685ad-2323-4068-805e-40365a9ce0ee', '338da91f-e80f-401e-81ee-11b580b3547d', 0),
('09e2b4c2-bb22-485d-ad60-2e8c9eb96ce7', '79e9c8e4-32b9-48b5-93be-741a6c8a0c2d', '10aa90bc-d655-43cd-97dc-426b73fb6e09', 'c3b17c72-c5bd-49bf-b0bd-ca5bcf653256', 0),
('09f351e3-e600-44f3-a97c-01ec7d6122fe', '79e9c8e4-32b9-48b5-93be-741a6c8a0c2d', '6a8d07a6-b545-4de5-9d75-dcfb56e1efd4', 'c0f55864-7cef-4ece-a474-541a83308008', 0),
('0ae60adb-972f-4ba4-9549-58b3e8402b28', '79e9c8e4-32b9-48b5-93be-741a6c8a0c2d', '3a7acd95-ff87-46ad-ac28-520035b2b9d5', 'c0f55864-7cef-4ece-a474-541a83308008', 0),
('0af0474b-8e04-4be8-a528-42696bce0916', '79e9c8e4-32b9-48b5-93be-741a6c8a0c2d', '7624688d-e600-4430-bcbc-d31e9155fb4b', 'b4226944-ef66-41e4-a0f9-4956c9660898', 0),
('0af4a39e-bb23-49a9-9441-7e82fab96027', '79e9c8e4-32b9-48b5-93be-741a6c8a0c2d', '4f98aaeb-4086-4186-8080-21953ca05e1f', 'c3b17c72-c5bd-49bf-b0bd-ca5bcf653256', 0),
('0b07f564-844c-4a66-8fec-e0449987f643', '79e9c8e4-32b9-48b5-93be-741a6c8a0c2d', '57d2af96-d43f-4a48-bce2-dae5f3d6f5bf', 'c0f55864-7cef-4ece-a474-541a83308008', 0),
('0b870b74-bc94-4ea7-aff3-d3d88d0ebee1', '79e9c8e4-32b9-48b5-93be-741a6c8a0c2d', '97868a11-3ef4-4910-881e-dd491f2914cf', 'c3b17c72-c5bd-49bf-b0bd-ca5bcf653256', 0),
('0bebd0a4-e114-4350-8ee1-202ba7c3d920', '79e9c8e4-32b9-48b5-93be-741a6c8a0c2d', '2d598af0-af9c-462a-a3b9-0f7d7914dd64', 'c3b17c72-c5bd-49bf-b0bd-ca5bcf653256', 0),
('0c80f143-9c5e-4fce-99e5-dd7fd325652c', '79e9c8e4-32b9-48b5-93be-741a6c8a0c2d', 'a4d27e85-0aef-43bb-9677-74c877a2449a', '86379cf5-a6e2-4a8f-aac6-3d524af8a287', 0),
('0df2f8ce-2473-4d47-82d0-3fbb5980d536', '79e9c8e4-32b9-48b5-93be-741a6c8a0c2d', '54868cac-102c-4801-a4c3-b2cdaded9a0b', 'f4c80d09-f186-4397-af73-64a157fe32f3', 0),
('0e7968a6-fef9-400d-beb6-748aa53244bf', '79e9c8e4-32b9-48b5-93be-741a6c8a0c2d', '9b05abd0-be46-49b5-9fae-17b9edfcbb97', '289cd206-4ea7-4663-97dc-e462cbefee03', 0),
('0f0472d7-96a8-4d82-9176-4ce014b92634', '79e9c8e4-32b9-48b5-93be-741a6c8a0c2d', '1a47bbde-46c1-4c21-aa06-7171b1a88a6d', '338da91f-e80f-401e-81ee-11b580b3547d', 0),
('0fcab3dd-40a5-47a3-941e-19bdf74af79e', '79e9c8e4-32b9-48b5-93be-741a6c8a0c2d', 'e7370fb9-9d60-45ac-b787-ed091c663408', 'b4226944-ef66-41e4-a0f9-4956c9660898', 0),
('109728a8-fb4b-4d5a-b081-fb102ad76791', '79e9c8e4-32b9-48b5-93be-741a6c8a0c2d', '635d41de-73fb-46fb-b6cb-ddc7b51cccfd', 'd0bf1345-fde5-452c-ae9e-d088a5766bed', 0),
('10b44334-d42e-4651-8132-2a31cb2b442f', '79e9c8e4-32b9-48b5-93be-741a6c8a0c2d', '61b93f9b-d5bb-40eb-bb29-adbb423d5f92', '86379cf5-a6e2-4a8f-aac6-3d524af8a287', 0),
('11e3a76b-ea33-48af-bfcc-ee30ff90f175', '79e9c8e4-32b9-48b5-93be-741a6c8a0c2d', '479b708c-744b-4a47-adf3-803357b74c91', 'f4c80d09-f186-4397-af73-64a157fe32f3', 0),
('1380dece-65aa-4090-a157-bceac7e9a513', '79e9c8e4-32b9-48b5-93be-741a6c8a0c2d', 'be92621c-4835-4345-8387-962ec6a19dd1', 'f4c80d09-f186-4397-af73-64a157fe32f3', 0),
('13b10947-9243-4675-ae31-cbf4270b46ee', '79e9c8e4-32b9-48b5-93be-741a6c8a0c2d', '414c984f-477a-4f4d-8634-0d6c53078bbe', 'd0bf1345-fde5-452c-ae9e-d088a5766bed', 0),
('13e6f801-bf46-479b-9da2-f0db45d1d0c5', '79e9c8e4-32b9-48b5-93be-741a6c8a0c2d', '486736db-ec6b-4ada-b2b4-decd5aebf571', 'c0f55864-7cef-4ece-a474-541a83308008', 0),
('148fd50e-5e92-4eff-93a5-ded4b3fe6bbe', '79e9c8e4-32b9-48b5-93be-741a6c8a0c2d', 'f0c4cb57-1458-41de-8a03-4b59854020a4', '338da91f-e80f-401e-81ee-11b580b3547d', 0),
('14c6b34a-d125-4a15-8956-d677d9855730', '79e9c8e4-32b9-48b5-93be-741a6c8a0c2d', '3619d11e-2122-4ff0-957e-d773042c2fc5', 'c3b17c72-c5bd-49bf-b0bd-ca5bcf653256', 0),
('15ee1b20-1764-4deb-979e-299613eaec06', '79e9c8e4-32b9-48b5-93be-741a6c8a0c2d', 'ed342531-34cd-4701-92b9-986bd9570d21', '338da91f-e80f-401e-81ee-11b580b3547d', 0),
('165a7cbd-a2e3-4c59-98c4-1faea8c2b28f', '79e9c8e4-32b9-48b5-93be-741a6c8a0c2d', '36e8b655-8c39-4480-bd14-4e2c38991238', 'f4c80d09-f186-4397-af73-64a157fe32f3', 0),
('16705210-1a73-441a-93e8-6a780e4967cb', '79e9c8e4-32b9-48b5-93be-741a6c8a0c2d', '29b887a3-b1ea-4538-8a5e-f5e0811f421a', 'f4c80d09-f186-4397-af73-64a157fe32f3', 0),
('19779595-6048-4953-9171-d2ef4fea58d7', '79e9c8e4-32b9-48b5-93be-741a6c8a0c2d', 'ced65dae-347f-46a2-b7aa-f6cba4f6f99c', 'b4226944-ef66-41e4-a0f9-4956c9660898', 0),
('1c851c9a-474a-4202-8d46-0269a576b7b7', '79e9c8e4-32b9-48b5-93be-741a6c8a0c2d', '0fa6a26a-032b-4db4-ba68-55f961063e5e', 'f4c80d09-f186-4397-af73-64a157fe32f3', 0),
('1cbbe071-3e00-4861-9d55-8d334cb1cf55', '79e9c8e4-32b9-48b5-93be-741a6c8a0c2d', '7c29139a-f81c-4c63-bd6f-d446cd643c4e', '86379cf5-a6e2-4a8f-aac6-3d524af8a287', 0),
('1e3be95c-eb72-4a46-b675-b3151eee58d4', '79e9c8e4-32b9-48b5-93be-741a6c8a0c2d', 'b0cd6bc7-9bb0-42ce-a451-17ac29a6f2e6', '86379cf5-a6e2-4a8f-aac6-3d524af8a287', 0),
('1e3fd0e0-a4b9-4f9a-b6f5-49afa2d8c933', '79e9c8e4-32b9-48b5-93be-741a6c8a0c2d', 'a800f0c6-834a-485d-a204-2cdfb6a5076f', 'd0bf1345-fde5-452c-ae9e-d088a5766bed', 0),
('1f092513-7c32-48d9-821a-ed647a226cc5', '79e9c8e4-32b9-48b5-93be-741a6c8a0c2d', '1c263609-1227-441b-a3ca-c956a12253c6', '289cd206-4ea7-4663-97dc-e462cbefee03', 0),
('2005ace2-6f91-45b6-96a7-927bb7f751c9', '79e9c8e4-32b9-48b5-93be-741a6c8a0c2d', '25ec505a-95ec-4a0d-97fe-21c40c55361f', '289cd206-4ea7-4663-97dc-e462cbefee03', 0),
('211daaaf-6423-41a1-b21a-4dca9cd84e0a', '79e9c8e4-32b9-48b5-93be-741a6c8a0c2d', '7651e8a7-e47d-481e-994a-522207f99a74', '340a7d8f-a1f7-449b-bd77-ef7dc09827c6', 0),
('2161c27f-cf0c-4d9b-8c62-9a828be71105', '79e9c8e4-32b9-48b5-93be-741a6c8a0c2d', 'd359e861-69e9-42c2-855e-bade363fec81', '289cd206-4ea7-4663-97dc-e462cbefee03', 0),
('21a03e41-bc17-469d-8736-a26f204d5d50', '79e9c8e4-32b9-48b5-93be-741a6c8a0c2d', '5d08f525-aedb-4b78-b470-85ccfc707546', '340a7d8f-a1f7-449b-bd77-ef7dc09827c6', 0),
('234b8a64-68dc-4c72-aa7f-09278218d4e8', '79e9c8e4-32b9-48b5-93be-741a6c8a0c2d', '12576234-5d3f-466f-9a84-5a2664682ddc', '340a7d8f-a1f7-449b-bd77-ef7dc09827c6', 0),
('247c00f6-b4ac-4eda-9f4a-e14978ff06cd', '79e9c8e4-32b9-48b5-93be-741a6c8a0c2d', 'a7ecb882-260c-4ece-838e-3b44f0122d52', '289cd206-4ea7-4663-97dc-e462cbefee03', 0),
('2534b360-f342-4c7f-90c1-fa01050cbe0f', '79e9c8e4-32b9-48b5-93be-741a6c8a0c2d', '816a71c1-67c8-4248-a030-eb12e0afffde', '338da91f-e80f-401e-81ee-11b580b3547d', 0),
('26e09dcc-7e49-4cb5-a1bb-75b6e0b30219', '79e9c8e4-32b9-48b5-93be-741a6c8a0c2d', 'f1c2195d-454a-4420-95c1-05e84b006c0d', '340a7d8f-a1f7-449b-bd77-ef7dc09827c6', 0),
('26eb90fc-e178-4e9e-a88e-b5e8b7c9133e', '79e9c8e4-32b9-48b5-93be-741a6c8a0c2d', 'f2e201bf-0e4b-47c1-b56b-931514ba32d7', 'c3b17c72-c5bd-49bf-b0bd-ca5bcf653256', 0),
('274edb42-9396-43e5-a6c0-90bf6a8f5bd9', '79e9c8e4-32b9-48b5-93be-741a6c8a0c2d', '50afe593-9869-48da-afd9-5bf09d2ee5a8', '340a7d8f-a1f7-449b-bd77-ef7dc09827c6', 0),
('28f3a2fd-9d8f-4754-b2ad-e7e33e790af0', '79e9c8e4-32b9-48b5-93be-741a6c8a0c2d', '5e10d108-f65e-4f44-b554-3ebf955ccda0', '338da91f-e80f-401e-81ee-11b580b3547d', 0),
('29408396-b2dc-450f-9c38-aefc82cf5726', '79e9c8e4-32b9-48b5-93be-741a6c8a0c2d', 'd2688ca9-60e3-4550-bad7-b7990ba1f1d4', '338da91f-e80f-401e-81ee-11b580b3547d', 0),
('298e93d6-51f1-4374-a1db-4b19577a3309', '79e9c8e4-32b9-48b5-93be-741a6c8a0c2d', '1cd2a796-ad75-4aad-b0f2-687942b778ef', '338da91f-e80f-401e-81ee-11b580b3547d', 0),
('2a076af6-f102-43f4-87d9-b27ca9797163', '79e9c8e4-32b9-48b5-93be-741a6c8a0c2d', 'f8139eae-fd2d-4218-9d74-40eb61d63bb0', '338da91f-e80f-401e-81ee-11b580b3547d', 0),
('2aba814c-23c5-467e-a09f-54fa74e5ccfb', '79e9c8e4-32b9-48b5-93be-741a6c8a0c2d', '939dda13-6581-49ca-aca5-2d800d88137f', 'c0f55864-7cef-4ece-a474-541a83308008', 0),
('2b2a1948-4b72-45f3-b126-75e68aba15fa', '79e9c8e4-32b9-48b5-93be-741a6c8a0c2d', '248559f5-e6b0-4e3f-9f22-d04f5fba25a8', 'd0bf1345-fde5-452c-ae9e-d088a5766bed', 0),
('2bada5c2-9453-4ae7-b00c-621886573e99', '79e9c8e4-32b9-48b5-93be-741a6c8a0c2d', '4d6c45ab-ca80-4d72-ac3e-93b271e6e576', '86379cf5-a6e2-4a8f-aac6-3d524af8a287', 0),
('2e107957-6387-41be-9dc0-2c77b08f79f3', '79e9c8e4-32b9-48b5-93be-741a6c8a0c2d', '681e53f4-33f2-49a9-b60e-ac68305cd637', 'c0f55864-7cef-4ece-a474-541a83308008', 0),
('2ecdba91-634b-42e2-aaa4-1d7179976d95', '79e9c8e4-32b9-48b5-93be-741a6c8a0c2d', '0ee275fb-793c-47c2-91f3-0fec4956893d', '340a7d8f-a1f7-449b-bd77-ef7dc09827c6', 0),
('2f0d70af-f778-4c87-ab48-706978ea3053', '79e9c8e4-32b9-48b5-93be-741a6c8a0c2d', '962d15bb-be4a-421f-a325-9301ca35f227', 'c3b17c72-c5bd-49bf-b0bd-ca5bcf653256', 0),
('2f83825e-7437-4e99-b25a-17db6a7a3775', '79e9c8e4-32b9-48b5-93be-741a6c8a0c2d', 'c4bd3742-3b82-4a41-b33e-4d457a858b36', '289cd206-4ea7-4663-97dc-e462cbefee03', 0),
('314ccbae-ac9b-42eb-973c-0dca0a067758', '79e9c8e4-32b9-48b5-93be-741a6c8a0c2d', '50753c8e-dde9-4f95-a933-b6bd55fcab04', 'd0bf1345-fde5-452c-ae9e-d088a5766bed', 0),
('31bee7f8-550a-472e-90b4-f8cdc69c3ee5', '79e9c8e4-32b9-48b5-93be-741a6c8a0c2d', '707462ad-d5c8-497f-808f-a4b5d4b6f8c2', 'd0bf1345-fde5-452c-ae9e-d088a5766bed', 0),
('355df380-15b9-40cd-86a5-91ee951cfc88', '79e9c8e4-32b9-48b5-93be-741a6c8a0c2d', 'b8b54c6f-1e48-4144-931b-031a22149cfa', 'c3b17c72-c5bd-49bf-b0bd-ca5bcf653256', 0),
('35c421ef-04b6-4746-affc-ebb4b490d0fd', '79e9c8e4-32b9-48b5-93be-741a6c8a0c2d', '720c37e7-97a3-46c9-98e4-c2107296e7d1', 'f4c80d09-f186-4397-af73-64a157fe32f3', 0),
('38aefa2a-b336-4e47-aeef-d19d3ee60f54', '79e9c8e4-32b9-48b5-93be-741a6c8a0c2d', '0750ba35-45db-407b-9cae-2bfeab5edee5', 'b4226944-ef66-41e4-a0f9-4956c9660898', 0),
('38fda5c3-888c-41f5-b25e-3f2f8bc292c7', '79e9c8e4-32b9-48b5-93be-741a6c8a0c2d', '9adb4147-d913-4f7d-817d-a6550c065961', 'b4226944-ef66-41e4-a0f9-4956c9660898', 0),
('39893c1c-151c-45f5-a50e-29265eed4a64', '79e9c8e4-32b9-48b5-93be-741a6c8a0c2d', '49475947-0517-4070-a0dc-4d3a2e8018da', 'c3b17c72-c5bd-49bf-b0bd-ca5bcf653256', 0),
('399e9f74-a95c-4068-8c03-a07ff420b05d', '79e9c8e4-32b9-48b5-93be-741a6c8a0c2d', '242097ff-9b1c-47cd-a188-f9cdb1c048c3', '340a7d8f-a1f7-449b-bd77-ef7dc09827c6', 0),
('3a231526-dbcb-4945-b179-1052f54fcdf4', '79e9c8e4-32b9-48b5-93be-741a6c8a0c2d', '6728f196-1337-41d6-9097-d2b35d4bb0b0', 'f4c80d09-f186-4397-af73-64a157fe32f3', 0),
('3bf4f15b-701d-4ff5-9cb3-9aa26b94559a', '79e9c8e4-32b9-48b5-93be-741a6c8a0c2d', '1d214302-8ff1-4f84-8e4a-ac30949b0762', '86379cf5-a6e2-4a8f-aac6-3d524af8a287', 0),
('3ed21cf9-2e61-40e6-9e8a-c06d1245cfcf', '79e9c8e4-32b9-48b5-93be-741a6c8a0c2d', '303dc32c-1441-488a-8c86-d352daeba3b4', '86379cf5-a6e2-4a8f-aac6-3d524af8a287', 0),
('416ea63f-ca23-4d98-8b66-ed0115cedf3e', '79e9c8e4-32b9-48b5-93be-741a6c8a0c2d', '77c68dd0-45a0-427d-bc3d-f382e228bc2e', 'c0f55864-7cef-4ece-a474-541a83308008', 0),
('41b19b5c-a980-4cc7-a7a6-d5eacd4837e9', '79e9c8e4-32b9-48b5-93be-741a6c8a0c2d', 'b5d39fd2-a0e2-4ad9-b3ee-3299f63fbe3e', 'f4c80d09-f186-4397-af73-64a157fe32f3', 0),
('41f5ca6c-4615-4561-8944-332159668b3e', '79e9c8e4-32b9-48b5-93be-741a6c8a0c2d', 'af1d0340-d94a-4867-a4ab-d6d37a377bab', 'b4226944-ef66-41e4-a0f9-4956c9660898', 0),
('42be1f55-49c5-47a5-b932-c29281495bc7', '79e9c8e4-32b9-48b5-93be-741a6c8a0c2d', 'cea4ca46-00b5-4778-ac38-afff14861911', '86379cf5-a6e2-4a8f-aac6-3d524af8a287', 0),
('4338cb9a-72a1-4989-a7f7-68745d484901', '79e9c8e4-32b9-48b5-93be-741a6c8a0c2d', 'ee97e9a1-81e4-4812-ae15-b6b764270cfe', '86379cf5-a6e2-4a8f-aac6-3d524af8a287', 0),
('435555ec-26d3-43f2-971c-897c0a18c24b', '79e9c8e4-32b9-48b5-93be-741a6c8a0c2d', '76c75d55-94cd-4921-aec3-3546db71490a', 'c0f55864-7cef-4ece-a474-541a83308008', 0),
('43b03050-dc4e-4e42-bcff-a9c3468506df', '79e9c8e4-32b9-48b5-93be-741a6c8a0c2d', '34be04ae-4876-40f7-aa7d-f32ce90c09a8', 'c3b17c72-c5bd-49bf-b0bd-ca5bcf653256', 0),
('449a7268-5593-41b3-ab59-571a49e04562', '79e9c8e4-32b9-48b5-93be-741a6c8a0c2d', '09b5509b-5c3c-4587-a8eb-23aef67d3116', '289cd206-4ea7-4663-97dc-e462cbefee03', 0),
('47cbdec0-60f4-41a2-a241-405e40d40357', '79e9c8e4-32b9-48b5-93be-741a6c8a0c2d', '72624ea6-51c3-4559-b1d2-0a8c62762a10', '340a7d8f-a1f7-449b-bd77-ef7dc09827c6', 0),
('48bdef34-9de9-4bfa-9087-6d585944317e', '79e9c8e4-32b9-48b5-93be-741a6c8a0c2d', 'c073f082-2bb3-4ef1-9f4b-6174af93bc3b', '289cd206-4ea7-4663-97dc-e462cbefee03', 0),
('48c893bd-0474-405d-886e-5f6c928b1195', '79e9c8e4-32b9-48b5-93be-741a6c8a0c2d', 'b45a520d-4fef-45a7-b087-284f9fdf906b', 'b4226944-ef66-41e4-a0f9-4956c9660898', 0),
('48e80e43-92a5-4bc2-9110-e11f16eb2319', '79e9c8e4-32b9-48b5-93be-741a6c8a0c2d', '862060fc-b39d-4795-9a84-339e1de73689', '86379cf5-a6e2-4a8f-aac6-3d524af8a287', 0),
('4b193423-a428-4c7a-821f-07a2c1218bd9', '79e9c8e4-32b9-48b5-93be-741a6c8a0c2d', '3a8d48f4-0cea-493e-82a9-165ca8d573f2', '340a7d8f-a1f7-449b-bd77-ef7dc09827c6', 0),
('4c676ffd-0cfd-4c97-b3d2-9bbb07290e67', '79e9c8e4-32b9-48b5-93be-741a6c8a0c2d', 'b2842975-938e-48c6-b742-a52a9300292f', '340a7d8f-a1f7-449b-bd77-ef7dc09827c6', 0),
('4d90ce05-b821-46c1-b07c-816fe1ab27dd', '79e9c8e4-32b9-48b5-93be-741a6c8a0c2d', '059cd0b8-460c-46a4-8e8b-e09c83a50c13', '340a7d8f-a1f7-449b-bd77-ef7dc09827c6', 0),
('4e3f804d-fd88-4a56-b9da-2e2e0a381159', '79e9c8e4-32b9-48b5-93be-741a6c8a0c2d', '3bbd251e-20ff-494e-9513-d9956e5fc35d', '86379cf5-a6e2-4a8f-aac6-3d524af8a287', 0),
('4e4edd01-c505-4a1f-8e7a-7c92f04cf4e8', '79e9c8e4-32b9-48b5-93be-741a6c8a0c2d', '657a7d70-bd1d-458c-96e5-23c58ed3efd5', 'd0bf1345-fde5-452c-ae9e-d088a5766bed', 0),
('4f1242a9-460b-4016-bd39-1cd704b500a0', '79e9c8e4-32b9-48b5-93be-741a6c8a0c2d', 'f527f9a1-83aa-4577-8d01-8c2b9f843d54', '340a7d8f-a1f7-449b-bd77-ef7dc09827c6', 0),
('4fdf9769-4698-41df-a634-6ede0181c448', '79e9c8e4-32b9-48b5-93be-741a6c8a0c2d', '08bc2f73-fabd-4ef8-8529-6c9ac91aab15', '86379cf5-a6e2-4a8f-aac6-3d524af8a287', 0),
('503e6649-e0cb-46f4-a662-89adf411067d', '79e9c8e4-32b9-48b5-93be-741a6c8a0c2d', '6509d8e5-f34c-4785-8c4e-c46fca3fd063', '86379cf5-a6e2-4a8f-aac6-3d524af8a287', 0),
('50b9ac82-b98c-4f06-82a2-c101a714b2d8', '79e9c8e4-32b9-48b5-93be-741a6c8a0c2d', '9302e637-f0ad-495d-ae8d-d09fba688ca6', '340a7d8f-a1f7-449b-bd77-ef7dc09827c6', 0),
('51abc8eb-2525-477e-85aa-ac34a15ee5f1', '79e9c8e4-32b9-48b5-93be-741a6c8a0c2d', '4b89af9d-de36-4af6-ae55-0eec6332f6c1', '338da91f-e80f-401e-81ee-11b580b3547d', 0),
('527fabfc-1d44-487e-b84d-54ed04606d94', '79e9c8e4-32b9-48b5-93be-741a6c8a0c2d', 'd2ebdd15-5abc-4685-9ad2-cfc27cc277f3', '340a7d8f-a1f7-449b-bd77-ef7dc09827c6', 0),
('535fa758-68dc-41f1-938a-8e85067ed73b', '79e9c8e4-32b9-48b5-93be-741a6c8a0c2d', '63c503f0-9e79-4657-80a5-82f5d13565b9', '86379cf5-a6e2-4a8f-aac6-3d524af8a287', 0),
('560a785f-c4d2-4166-91f4-341d86789862', '79e9c8e4-32b9-48b5-93be-741a6c8a0c2d', '49535fa0-bed5-43a5-b0f2-53a1b32888e5', '289cd206-4ea7-4663-97dc-e462cbefee03', 0),
('579b3be2-7951-4c10-9e14-96cad39032e1', '79e9c8e4-32b9-48b5-93be-741a6c8a0c2d', 'd0e6d98e-934f-486e-9b7e-96545f9a6240', '86379cf5-a6e2-4a8f-aac6-3d524af8a287', 0),
('58876a8c-bebf-44b9-9fd4-43257e413615', '79e9c8e4-32b9-48b5-93be-741a6c8a0c2d', '7b67259f-1dd3-4ec3-8081-0aebfb724b2a', '338da91f-e80f-401e-81ee-11b580b3547d', 0),
('5952c549-2e96-4e92-b79a-074b3dd7df28', '79e9c8e4-32b9-48b5-93be-741a6c8a0c2d', '4a7a4d62-f254-4aac-929f-16e01ed4b570', 'd0bf1345-fde5-452c-ae9e-d088a5766bed', 0),
('5a09079a-2f85-4e0a-b578-264cdd4c2d6f', '79e9c8e4-32b9-48b5-93be-741a6c8a0c2d', '974361a3-084d-4084-8630-95bfa5f939f6', 'c3b17c72-c5bd-49bf-b0bd-ca5bcf653256', 0),
('5a8b342c-241b-4e8f-b7d8-faf3169a844c', '79e9c8e4-32b9-48b5-93be-741a6c8a0c2d', '5dab9a34-7c72-4894-bbe4-96f36df5ce98', '340a7d8f-a1f7-449b-bd77-ef7dc09827c6', 0),
('5ae925b8-86a8-4087-b2be-5492e511debc', '79e9c8e4-32b9-48b5-93be-741a6c8a0c2d', 'c08acc6b-357d-4ce5-9bd8-5700ad510829', '289cd206-4ea7-4663-97dc-e462cbefee03', 0),
('5c3980bb-e6c8-422d-9716-93264ed8af43', '79e9c8e4-32b9-48b5-93be-741a6c8a0c2d', 'c7749fe5-747e-4afb-b1a0-3ddb249cd16f', 'f4c80d09-f186-4397-af73-64a157fe32f3', 0),
('5cc741b5-2c6c-424b-a0fa-933a0a844836', '79e9c8e4-32b9-48b5-93be-741a6c8a0c2d', '991a795b-5846-4eac-b659-ffc937f328e2', '86379cf5-a6e2-4a8f-aac6-3d524af8a287', 0),
('5ce8f9d2-b9a7-443b-a6e8-55c61f02edfc', '79e9c8e4-32b9-48b5-93be-741a6c8a0c2d', '17ec3873-cbaa-4f49-81ca-937e28f9f2a8', '338da91f-e80f-401e-81ee-11b580b3547d', 0),
('5cf7302c-c572-4a54-a1c9-e915a6b81d4e', '79e9c8e4-32b9-48b5-93be-741a6c8a0c2d', 'ca1a7757-daa0-40ea-9923-7ebc0bee87e1', 'f4c80d09-f186-4397-af73-64a157fe32f3', 0),
('5e773e07-185e-4e98-b671-e9c7702818b6', '79e9c8e4-32b9-48b5-93be-741a6c8a0c2d', '14a8bac3-5f74-4ad1-b9cc-633178569287', '338da91f-e80f-401e-81ee-11b580b3547d', 0),
('5ec1e64a-22a2-41a6-97a2-566dbc42a540', '79e9c8e4-32b9-48b5-93be-741a6c8a0c2d', 'b978d430-3083-4b5a-ba56-178f0e4fe49b', 'f4c80d09-f186-4397-af73-64a157fe32f3', 0),
('5efe591e-c11e-435e-a5b5-a9efd2aab748', '79e9c8e4-32b9-48b5-93be-741a6c8a0c2d', '77a71081-10db-4b3c-93a8-773999283d0c', 'd0bf1345-fde5-452c-ae9e-d088a5766bed', 0),
('5f3abdba-c52b-4343-b45e-b5392426254e', '79e9c8e4-32b9-48b5-93be-741a6c8a0c2d', '729a9fb8-2277-4212-8d14-14a99f9d630c', '338da91f-e80f-401e-81ee-11b580b3547d', 0),
('5f8fd2d0-fcd2-4b85-b0f9-f9c2454a5693', '79e9c8e4-32b9-48b5-93be-741a6c8a0c2d', '8078c303-160c-4f29-8891-4cf6a35aa60f', '338da91f-e80f-401e-81ee-11b580b3547d', 0),
('61d8a5b2-fea2-47c8-b92c-58bdeeac9b8b', '79e9c8e4-32b9-48b5-93be-741a6c8a0c2d', '3cf52488-a8ce-4cc0-9c7f-7af02d8a2941', 'd0bf1345-fde5-452c-ae9e-d088a5766bed', 0),
('6292a77a-3672-49d4-8e3b-574bb4f8c2cd', '79e9c8e4-32b9-48b5-93be-741a6c8a0c2d', 'a5402fc6-fb60-4010-9d28-590afe3a0aaa', 'c0f55864-7cef-4ece-a474-541a83308008', 0),
('63175626-24ff-481b-b7eb-959bd228313b', '79e9c8e4-32b9-48b5-93be-741a6c8a0c2d', '5373418c-fd83-4053-adb2-6243d6ad67b2', '289cd206-4ea7-4663-97dc-e462cbefee03', 0),
('63c4c137-b5e3-4232-b819-c5c72bdb2907', '79e9c8e4-32b9-48b5-93be-741a6c8a0c2d', '4b9681b5-36e3-433a-8db6-34d90125e9aa', '340a7d8f-a1f7-449b-bd77-ef7dc09827c6', 0),
('65b23d22-c1d9-4c84-94e8-ebcfe8ac0244', '79e9c8e4-32b9-48b5-93be-741a6c8a0c2d', 'bd060740-dad3-469a-8a73-121ccde1e1c7', '340a7d8f-a1f7-449b-bd77-ef7dc09827c6', 0),
('65e1de19-d005-4aad-8f1d-317c500b4a33', '79e9c8e4-32b9-48b5-93be-741a6c8a0c2d', '72f0c351-e5b3-4390-90df-a0de16d7c7cf', '86379cf5-a6e2-4a8f-aac6-3d524af8a287', 0),
('6758863a-641e-454d-ac39-2dda17f397ff', '79e9c8e4-32b9-48b5-93be-741a6c8a0c2d', '5b7e40c7-09be-46d8-b965-6aec50b584f0', 'b4226944-ef66-41e4-a0f9-4956c9660898', 0),
('67a70fa8-af41-4f46-abc5-38b18387430b', '79e9c8e4-32b9-48b5-93be-741a6c8a0c2d', '08da8f4f-78ff-4b76-a610-61152157ffaf', 'c3b17c72-c5bd-49bf-b0bd-ca5bcf653256', 0),
('6817baf8-47b3-4bdf-aa02-8c38b2216cef', '79e9c8e4-32b9-48b5-93be-741a6c8a0c2d', 'c1cc391d-331f-4e0d-878d-5e8d578b22c4', '340a7d8f-a1f7-449b-bd77-ef7dc09827c6', 0),
('684d4177-fc20-49cb-b1cb-d5f428ba041a', '79e9c8e4-32b9-48b5-93be-741a6c8a0c2d', 'b55f5f2f-81b2-4d13-b650-d8e80627ec8e', '86379cf5-a6e2-4a8f-aac6-3d524af8a287', 0),
('69328ab1-c8e6-495e-bec0-eeb0d435af88', '79e9c8e4-32b9-48b5-93be-741a6c8a0c2d', '8df9d63d-0376-47f1-b819-ae14da60ffed', '338da91f-e80f-401e-81ee-11b580b3547d', 0),
('699ff961-2715-4f3e-86a7-b9960d3bbf06', '79e9c8e4-32b9-48b5-93be-741a6c8a0c2d', '1411a881-2a32-4e76-bb1b-dc33ef331be3', 'f4c80d09-f186-4397-af73-64a157fe32f3', 0),
('69c07ca9-f243-45c3-8b9f-e12b7d48b294', '79e9c8e4-32b9-48b5-93be-741a6c8a0c2d', 'a05a4036-fd07-4c34-9b35-e85d81f83f12', '289cd206-4ea7-4663-97dc-e462cbefee03', 0),
('6a7c884d-dc89-49f9-9a7a-88ee8dbbba4a', '79e9c8e4-32b9-48b5-93be-741a6c8a0c2d', '3cfa622c-3b02-4714-be68-674c53eaf977', 'd0bf1345-fde5-452c-ae9e-d088a5766bed', 0),
('6af13ad8-4c6a-4552-9c97-50e33605b2a8', '79e9c8e4-32b9-48b5-93be-741a6c8a0c2d', 'ccbfb6e3-7628-4824-aaa6-dcb66f797071', 'b4226944-ef66-41e4-a0f9-4956c9660898', 0),
('6b286fe3-be63-4be3-a3ac-34b6d12d1af5', '79e9c8e4-32b9-48b5-93be-741a6c8a0c2d', 'd1f07de8-214d-46dd-8e6c-731330f017fb', 'b4226944-ef66-41e4-a0f9-4956c9660898', 0),
('6b443c1d-287b-4b9d-a777-b13eb6fabe3e', '79e9c8e4-32b9-48b5-93be-741a6c8a0c2d', 'd241e80a-d965-43cc-89c6-afa6b36d86a9', 'b4226944-ef66-41e4-a0f9-4956c9660898', 0),
('6bb8c8ef-2df3-44c5-b1d8-ec729fbdd4c9', '79e9c8e4-32b9-48b5-93be-741a6c8a0c2d', 'd0832fcb-1013-482c-be5b-03a8b19ed3bb', '289cd206-4ea7-4663-97dc-e462cbefee03', 0),
('6c0ac7e2-8a0f-475e-99eb-d04609669912', '79e9c8e4-32b9-48b5-93be-741a6c8a0c2d', 'a0557985-ef5f-4250-9ac9-6199a7881581', 'c0f55864-7cef-4ece-a474-541a83308008', 0),
('6c0ff1c2-f63b-4f4d-95c6-e74a2fe00e44', '79e9c8e4-32b9-48b5-93be-741a6c8a0c2d', '0ff88d68-67cb-4907-ac05-ee9c2c3e5976', '86379cf5-a6e2-4a8f-aac6-3d524af8a287', 0),
('6d20b56e-e279-41bb-9428-150ccac4703c', '79e9c8e4-32b9-48b5-93be-741a6c8a0c2d', '340b6fcc-68d6-447f-a1a4-74de51c8f5f2', 'd0bf1345-fde5-452c-ae9e-d088a5766bed', 0),
('6d37cd00-8975-454d-8b8f-b8fa7054a8bf', '79e9c8e4-32b9-48b5-93be-741a6c8a0c2d', '594c11c0-4d27-431a-a7b3-21491024d7d7', '340a7d8f-a1f7-449b-bd77-ef7dc09827c6', 0),
('6de9e13d-83aa-4e73-b065-d4c79233dadb', '79e9c8e4-32b9-48b5-93be-741a6c8a0c2d', '42f3e429-c2ed-4159-a0c6-1232012416aa', '338da91f-e80f-401e-81ee-11b580b3547d', 0),
('6def6b23-3da6-4775-9646-a2331c8e2a28', '79e9c8e4-32b9-48b5-93be-741a6c8a0c2d', '6cf3f9cf-7116-416e-988b-2d7f457124e0', 'c0f55864-7cef-4ece-a474-541a83308008', 0),
('6e08cb66-eab7-44d2-9d5e-404f743e350c', '79e9c8e4-32b9-48b5-93be-741a6c8a0c2d', '37947343-6540-4447-9ffb-b837612cb7fa', 'c3b17c72-c5bd-49bf-b0bd-ca5bcf653256', 0),
('6e1a52b2-314a-48cc-85ce-f3b22e56bda5', '79e9c8e4-32b9-48b5-93be-741a6c8a0c2d', 'e92c4c4f-4fef-4747-ac6f-2f1cb5c0e28b', '289cd206-4ea7-4663-97dc-e462cbefee03', 0),
('71ac0468-c67f-4ad7-a969-61bf7e992e0a', '79e9c8e4-32b9-48b5-93be-741a6c8a0c2d', 'c27a0991-92a0-4f91-aa50-3a12aa30c4ff', 'c0f55864-7cef-4ece-a474-541a83308008', 0),
('7220530f-4c36-4366-bf3f-34c78102b0b8', '79e9c8e4-32b9-48b5-93be-741a6c8a0c2d', 'c26ab248-36d6-40e8-80a2-90740f142689', '86379cf5-a6e2-4a8f-aac6-3d524af8a287', 0),
('734ab6de-33e1-4119-895b-104423bfe51b', '79e9c8e4-32b9-48b5-93be-741a6c8a0c2d', '954fd5e8-1120-476f-a308-fda81326d32d', 'c0f55864-7cef-4ece-a474-541a83308008', 0),
('753fcecd-84b1-482a-8d5c-2d0a75a3f2cb', '79e9c8e4-32b9-48b5-93be-741a6c8a0c2d', '3fdf3f84-8b82-4380-8ace-6a11e245c9c6', 'c0f55864-7cef-4ece-a474-541a83308008', 0),
('763eb414-01c0-46b7-bca0-d394fdb4763f', '79e9c8e4-32b9-48b5-93be-741a6c8a0c2d', '665b4a78-df32-473e-9886-aabd696e1917', '338da91f-e80f-401e-81ee-11b580b3547d', 0),
('799f604a-59fb-479b-b5b1-573fa3825dce', '79e9c8e4-32b9-48b5-93be-741a6c8a0c2d', 'b91747da-6233-4bee-9139-69ac4e037d5b', 'c3b17c72-c5bd-49bf-b0bd-ca5bcf653256', 0),
('7a6f5190-48b1-4dbb-a29d-bd63d07f5ad1', '79e9c8e4-32b9-48b5-93be-741a6c8a0c2d', 'bb1ce2b8-6d99-4e32-98a9-fe58fe74ce70', 'd0bf1345-fde5-452c-ae9e-d088a5766bed', 0),
('7b271731-5a98-40c8-8b6f-65a34ae74f8b', '79e9c8e4-32b9-48b5-93be-741a6c8a0c2d', '2667d180-fa4a-449e-9859-c0a89f5a4faf', '289cd206-4ea7-4663-97dc-e462cbefee03', 0),
('7b2d1360-93ca-4ade-91cc-6a431056838b', '79e9c8e4-32b9-48b5-93be-741a6c8a0c2d', '8bc3914c-2f48-424e-b442-d7defa8f908e', 'c0f55864-7cef-4ece-a474-541a83308008', 0),
('7b4246e5-f0fa-4689-912f-f78c324f07ef', '79e9c8e4-32b9-48b5-93be-741a6c8a0c2d', 'ed839b0c-8814-4d61-9ab5-0686f2721846', 'd0bf1345-fde5-452c-ae9e-d088a5766bed', 0),
('7beac708-4b8b-4493-9339-5913a010e2ed', '79e9c8e4-32b9-48b5-93be-741a6c8a0c2d', '75402884-e428-42a6-b36d-05aa06c46fed', 'f4c80d09-f186-4397-af73-64a157fe32f3', 0),
('7c979d6c-b716-4797-b6df-2bee88b5ef82', '79e9c8e4-32b9-48b5-93be-741a6c8a0c2d', '1b21c64b-d5d0-4046-abab-c18949a679f8', '86379cf5-a6e2-4a8f-aac6-3d524af8a287', 0),
('7da577e0-5b15-47b4-9278-bcde28ed6b79', '79e9c8e4-32b9-48b5-93be-741a6c8a0c2d', '0d5a5954-4cff-4d38-8526-ee0e1123f92b', 'c3b17c72-c5bd-49bf-b0bd-ca5bcf653256', 0),
('7e89a50e-f8b0-4ef2-a3d0-fc8dccda3882', '79e9c8e4-32b9-48b5-93be-741a6c8a0c2d', '129895c5-e72a-4d4d-848f-9ed4e43a5b4c', 'f4c80d09-f186-4397-af73-64a157fe32f3', 0),
('7ea3bb30-31dd-4b90-9acc-a919c2024842', '79e9c8e4-32b9-48b5-93be-741a6c8a0c2d', '9f098ee6-2942-4820-9e11-3554797722bc', '289cd206-4ea7-4663-97dc-e462cbefee03', 0),
('7ee9b2b9-8873-464a-9972-6030a25df469', '79e9c8e4-32b9-48b5-93be-741a6c8a0c2d', '2e2439ae-a3c6-4296-9d44-9701704c13f3', '338da91f-e80f-401e-81ee-11b580b3547d', 0),
('7f13f2d4-fa23-4d9c-a695-41cd00654c04', '79e9c8e4-32b9-48b5-93be-741a6c8a0c2d', '609e2ca5-2406-4c22-a90f-c7042545e656', '340a7d8f-a1f7-449b-bd77-ef7dc09827c6', 0),
('7f5a0ea9-2581-49a4-8dda-2ca65054c5dc', '79e9c8e4-32b9-48b5-93be-741a6c8a0c2d', 'fc4002a6-c1eb-44b7-86c8-0c83dab32155', '289cd206-4ea7-4663-97dc-e462cbefee03', 0),
('818585ea-3e00-42f7-bfe8-8e2a34e5bcd1', '79e9c8e4-32b9-48b5-93be-741a6c8a0c2d', '26d8e031-bd73-48ef-827c-a6c370ca0831', 'f4c80d09-f186-4397-af73-64a157fe32f3', 0),
('825dfe4e-7cc4-41b0-be21-b98b266d2c1f', '79e9c8e4-32b9-48b5-93be-741a6c8a0c2d', 'ade168d3-bda8-40bd-8ee0-bd0c1c772656', 'c0f55864-7cef-4ece-a474-541a83308008', 0),
('83257c14-8025-4155-8270-9fc185e356d1', '79e9c8e4-32b9-48b5-93be-741a6c8a0c2d', 'ea90bc03-c1dd-435a-bd07-bee45c9b33aa', '289cd206-4ea7-4663-97dc-e462cbefee03', 0),
('859d5298-cde4-446e-b8e6-74310fc7e71f', '79e9c8e4-32b9-48b5-93be-741a6c8a0c2d', 'e4053fdf-7d19-4564-8f79-4e8da1e38252', 'd0bf1345-fde5-452c-ae9e-d088a5766bed', 0),
('86762ae8-14eb-406d-aa15-bb77386800b5', '79e9c8e4-32b9-48b5-93be-741a6c8a0c2d', '6ae8d46c-aca9-4943-a123-803eb80a3cf1', 'd0bf1345-fde5-452c-ae9e-d088a5766bed', 0),
('8713d977-841b-41a2-8234-26cbacfaddf4', '79e9c8e4-32b9-48b5-93be-741a6c8a0c2d', '47bc9899-0a0b-4152-a4e1-b0ee676f692e', 'b4226944-ef66-41e4-a0f9-4956c9660898', 0),
('87976d50-1744-4b42-a16c-289cd65f67f9', '79e9c8e4-32b9-48b5-93be-741a6c8a0c2d', '1598692b-7140-4eb4-afac-d472fdd2bdda', 'c0f55864-7cef-4ece-a474-541a83308008', 0),
('88bd92fe-6960-4aaa-9185-00cc7dbbef39', '79e9c8e4-32b9-48b5-93be-741a6c8a0c2d', '1153d673-160c-41a1-86d9-498639a7d9df', 'd0bf1345-fde5-452c-ae9e-d088a5766bed', 0),
('88f7cc26-d6bb-47bb-bd92-b2738634279b', '79e9c8e4-32b9-48b5-93be-741a6c8a0c2d', 'b81aad4a-b0d3-482f-9f52-aa28aef781ca', 'b4226944-ef66-41e4-a0f9-4956c9660898', 0),
('8908e9c4-f532-4d48-960d-fb1d66f457a7', '79e9c8e4-32b9-48b5-93be-741a6c8a0c2d', 'e13dfccc-fa67-4e6f-9b7a-4d9cbb3812b2', '338da91f-e80f-401e-81ee-11b580b3547d', 0),
('892ae34d-3e02-44c5-9cef-898b1ee064ae', '79e9c8e4-32b9-48b5-93be-741a6c8a0c2d', '65ef2165-1adf-41c5-9f4b-de61c43c6209', 'c0f55864-7cef-4ece-a474-541a83308008', 0),
('8ba360dd-e6d5-40ee-8f4f-a60b018b65d5', '79e9c8e4-32b9-48b5-93be-741a6c8a0c2d', 'f953f60e-238a-401b-9009-c91d13246b5d', 'c3b17c72-c5bd-49bf-b0bd-ca5bcf653256', 0),
('8c62d38c-2d52-492e-85d8-45f8fb187ba2', '79e9c8e4-32b9-48b5-93be-741a6c8a0c2d', 'd84e334a-fa3a-4d14-9a8b-2056cfb3dac0', 'c3b17c72-c5bd-49bf-b0bd-ca5bcf653256', 0),
('8ce0410b-b44c-4837-9a90-e5c7604fda24', '79e9c8e4-32b9-48b5-93be-741a6c8a0c2d', '75e1c802-379b-4b38-87c5-436e6077fb5e', 'b4226944-ef66-41e4-a0f9-4956c9660898', 0),
('8d200f80-2288-4f92-a9a4-77e4d837a696', '79e9c8e4-32b9-48b5-93be-741a6c8a0c2d', '8f427b0e-70f1-4a51-8a9a-090a14add47f', 'c3b17c72-c5bd-49bf-b0bd-ca5bcf653256', 0),
('8dfd70b9-b1f9-4ed5-bd89-b502965a9c80', '79e9c8e4-32b9-48b5-93be-741a6c8a0c2d', '11acf939-c1f8-4b6f-9305-212d068218b6', '338da91f-e80f-401e-81ee-11b580b3547d', 0),
('9034cdcf-d444-4a9a-af0c-d8f12ea6d24f', '79e9c8e4-32b9-48b5-93be-741a6c8a0c2d', '6e2aafa4-b98b-4eb6-816d-f1bed8029281', 'd0bf1345-fde5-452c-ae9e-d088a5766bed', 0),
('904c9de8-6492-4a38-9bd7-baf4410f230b', '79e9c8e4-32b9-48b5-93be-741a6c8a0c2d', 'e905c69b-e610-4382-abdb-ef6fef8cf7bc', '289cd206-4ea7-4663-97dc-e462cbefee03', 0),
('9177ef73-28c7-4709-8fdb-05a4b86fc183', '79e9c8e4-32b9-48b5-93be-741a6c8a0c2d', 'b1109f36-1f1e-496b-92c3-dc1301140e57', '340a7d8f-a1f7-449b-bd77-ef7dc09827c6', 0),
('94bd4657-abaf-4f6b-849f-9fefb04d4f4e', '79e9c8e4-32b9-48b5-93be-741a6c8a0c2d', '21dc6aa1-a589-4947-ada8-aa34fa99fc42', 'd0bf1345-fde5-452c-ae9e-d088a5766bed', 0),
('96cb3240-b216-4484-82e6-c773e684f363', '79e9c8e4-32b9-48b5-93be-741a6c8a0c2d', 'bb30c2be-81bd-46f8-a25f-b0cc143b875f', '340a7d8f-a1f7-449b-bd77-ef7dc09827c6', 0),
('96ce8da7-429d-4f4c-84fc-1761b127d38b', '79e9c8e4-32b9-48b5-93be-741a6c8a0c2d', '4ffe9090-bcf6-4f12-b770-1a1b76d295ac', '289cd206-4ea7-4663-97dc-e462cbefee03', 0),
('96e59d3c-1ff6-46ae-85b6-74112a6d17eb', '79e9c8e4-32b9-48b5-93be-741a6c8a0c2d', '7f6b5d94-8532-42dc-9249-13ed09d9a484', 'b4226944-ef66-41e4-a0f9-4956c9660898', 0),
('98165dcb-de04-4dcd-af49-4a1c8e0b8ab7', '79e9c8e4-32b9-48b5-93be-741a6c8a0c2d', '50949543-ff6f-4d96-a4b4-f2eea53292e5', 'c3b17c72-c5bd-49bf-b0bd-ca5bcf653256', 0),
('984f953b-d03e-46a2-8892-9351667070b0', '79e9c8e4-32b9-48b5-93be-741a6c8a0c2d', '95922450-c2d2-46df-b4e4-ba411ab19caa', 'c0f55864-7cef-4ece-a474-541a83308008', 0),
('9857c6d6-81d5-41ea-8452-f168ebb576b2', '79e9c8e4-32b9-48b5-93be-741a6c8a0c2d', 'dcc41c2b-40e8-42f6-ac37-cbf3479815a6', 'f4c80d09-f186-4397-af73-64a157fe32f3', 0),
('98dd3dde-cff8-4c01-a125-94c3569b8e0f', '79e9c8e4-32b9-48b5-93be-741a6c8a0c2d', '3b5ab0aa-6a6f-43ca-9ce4-9681322770a1', '338da91f-e80f-401e-81ee-11b580b3547d', 0),
('990f2311-932f-47f9-bacc-d365acb61e22', '79e9c8e4-32b9-48b5-93be-741a6c8a0c2d', '4c5e0525-9f12-4315-ad55-fc521cb8d72c', 'c3b17c72-c5bd-49bf-b0bd-ca5bcf653256', 0),
('99169031-62ef-496d-88d9-34a0c1087762', '79e9c8e4-32b9-48b5-93be-741a6c8a0c2d', 'b71068d8-0ecb-4160-9868-9bfe355159d8', 'c0f55864-7cef-4ece-a474-541a83308008', 0),
('99441649-fca8-4ed3-90a1-71722e2338ec', '79e9c8e4-32b9-48b5-93be-741a6c8a0c2d', '34e7d58b-7dda-4ed2-bf07-8db36ba375f1', '340a7d8f-a1f7-449b-bd77-ef7dc09827c6', 0),
('996a7d41-657b-4b45-a68f-f779effe2803', '79e9c8e4-32b9-48b5-93be-741a6c8a0c2d', '8dd56ddd-dd49-4c78-86ad-b311d708e7a3', 'b4226944-ef66-41e4-a0f9-4956c9660898', 0),
('9a02094e-bf37-4ca1-949c-50d7dd8adc21', '79e9c8e4-32b9-48b5-93be-741a6c8a0c2d', '8e57cbeb-15b2-43e8-b15d-513aa0285f99', 'b4226944-ef66-41e4-a0f9-4956c9660898', 0),
('9aec51be-80af-4c1e-992d-4c87b97938cc', '79e9c8e4-32b9-48b5-93be-741a6c8a0c2d', 'f2cd6ecd-13ab-40a4-963a-075f28c155c1', '86379cf5-a6e2-4a8f-aac6-3d524af8a287', 0),
('9c0c4f24-0761-43d3-a36e-48fe749cb6c6', '79e9c8e4-32b9-48b5-93be-741a6c8a0c2d', 'ea67c4d4-ef04-4b95-bc11-d9fcc95d9637', '289cd206-4ea7-4663-97dc-e462cbefee03', 0),
('a05d6c9c-9826-445f-b3e0-1888f009a48d', '79e9c8e4-32b9-48b5-93be-741a6c8a0c2d', 'ed6ce9f8-b00e-4d5f-8030-2751487a020a', '340a7d8f-a1f7-449b-bd77-ef7dc09827c6', 0),
('a0c1c973-7999-4bdf-9382-3180f879c06d', '79e9c8e4-32b9-48b5-93be-741a6c8a0c2d', 'd871ce11-7ccf-4c6e-91ee-b844148a7be9', 'b4226944-ef66-41e4-a0f9-4956c9660898', 0),
('a1a21eb6-820b-425e-ad26-5e25e0209526', '79e9c8e4-32b9-48b5-93be-741a6c8a0c2d', '96a384f2-9ce5-4966-8db6-ec380089a149', 'b4226944-ef66-41e4-a0f9-4956c9660898', 0),
('a1fa2c8c-64e6-4b26-b1f1-6aa27c3526c8', '79e9c8e4-32b9-48b5-93be-741a6c8a0c2d', '75af4997-a448-4953-acbf-12e571aac2ee', '340a7d8f-a1f7-449b-bd77-ef7dc09827c6', 0),
('a365c269-37ea-497e-8d88-8a2e2c445d06', '79e9c8e4-32b9-48b5-93be-741a6c8a0c2d', 'a6f3c725-37e2-48e9-9920-af9c5cd774b6', '340a7d8f-a1f7-449b-bd77-ef7dc09827c6', 0),
('a46990e6-8592-4f9b-bd2f-5fd8cd366a6a', '79e9c8e4-32b9-48b5-93be-741a6c8a0c2d', '7a8007a7-650e-435f-849a-b951b957a3a5', '289cd206-4ea7-4663-97dc-e462cbefee03', 0),
('a501d308-ba79-4cf8-b1b5-de64531a9792', '79e9c8e4-32b9-48b5-93be-741a6c8a0c2d', 'b5d711ef-7c18-427d-8267-5e51b616cdde', '338da91f-e80f-401e-81ee-11b580b3547d', 0),
('a53a3bad-788d-4563-9641-2d39def72e8b', '79e9c8e4-32b9-48b5-93be-741a6c8a0c2d', '5535bbbf-7323-4b30-8537-be56a6ae74b8', '338da91f-e80f-401e-81ee-11b580b3547d', 0),
('a57df581-bbe0-4684-98cc-a3690b5106e7', '79e9c8e4-32b9-48b5-93be-741a6c8a0c2d', '2b66a507-8796-462d-a04f-694dacabfb61', 'c3b17c72-c5bd-49bf-b0bd-ca5bcf653256', 0),
('a779db04-47c4-48af-9f9a-5c8325a0e29e', '79e9c8e4-32b9-48b5-93be-741a6c8a0c2d', '53eecb5c-a7d8-4d6b-800a-fcdef7360563', 'f4c80d09-f186-4397-af73-64a157fe32f3', 0),
('a8516d60-35cf-4db9-96f0-2a52f39ea8a7', '79e9c8e4-32b9-48b5-93be-741a6c8a0c2d', '0eb93ede-8787-4c8f-a7de-b739d5c8429a', 'b4226944-ef66-41e4-a0f9-4956c9660898', 0),
('a99eef4a-6964-4341-9bef-d3d2d7219555', '79e9c8e4-32b9-48b5-93be-741a6c8a0c2d', 'f4e93c01-d574-406f-80c5-7893d6dbe8f0', 'f4c80d09-f186-4397-af73-64a157fe32f3', 0),
('aad12d9d-1c70-435e-b128-e6b1bdb34883', '79e9c8e4-32b9-48b5-93be-741a6c8a0c2d', '8291b93a-59f3-4955-b256-a00f0d58b4b2', 'f4c80d09-f186-4397-af73-64a157fe32f3', 0),
('ad154cee-9760-495b-86b3-2c4d16573720', '79e9c8e4-32b9-48b5-93be-741a6c8a0c2d', 'de31eca9-c218-4fa7-9d4a-7ab8bb6df4b8', '340a7d8f-a1f7-449b-bd77-ef7dc09827c6', 0),
('ae2f525d-20fa-49f2-aa7a-f5e5722f7f69', '79e9c8e4-32b9-48b5-93be-741a6c8a0c2d', '10e00dd0-e1be-43ab-9fec-0a8d39dc82ac', 'c0f55864-7cef-4ece-a474-541a83308008', 0),
('af2796fd-7370-43a6-84fa-57df3ab2e705', '79e9c8e4-32b9-48b5-93be-741a6c8a0c2d', '260da6a2-18da-4d87-835b-4ec3426d4a33', '338da91f-e80f-401e-81ee-11b580b3547d', 0),
('b120dd8f-2ec7-4106-9471-fcc7a0f956f5', '79e9c8e4-32b9-48b5-93be-741a6c8a0c2d', '7678f1a3-eec2-4b5e-9401-c3dad4868b80', 'b4226944-ef66-41e4-a0f9-4956c9660898', 0),
('b26f3bf9-cf8b-480f-a417-4a08de9c0979', '79e9c8e4-32b9-48b5-93be-741a6c8a0c2d', '86267a1f-bfbe-4b3e-8d79-f953f85aef40', 'd0bf1345-fde5-452c-ae9e-d088a5766bed', 0),
('b285dc7e-954b-43cc-b5c6-4ade5cfa58ed', '79e9c8e4-32b9-48b5-93be-741a6c8a0c2d', 'e023f0e4-470e-48c7-b1e2-7d29b881dbe7', 'f4c80d09-f186-4397-af73-64a157fe32f3', 0),
('b29c5dd7-688c-4db5-b1b0-3b66d4fa2f11', '79e9c8e4-32b9-48b5-93be-741a6c8a0c2d', 'ba15fe46-b4e3-4ffd-8da9-6e0d8657292d', '338da91f-e80f-401e-81ee-11b580b3547d', 0),
('b2fa3775-75a1-4713-9757-6914f220bedb', '79e9c8e4-32b9-48b5-93be-741a6c8a0c2d', '4d01253d-3089-45aa-87be-6d0b103cbba7', 'c0f55864-7cef-4ece-a474-541a83308008', 0),
('b3c9609f-1346-443a-8928-43513b76d0cb', '79e9c8e4-32b9-48b5-93be-741a6c8a0c2d', '1413d80d-3e9f-44f0-a246-e9d564485ebe', '340a7d8f-a1f7-449b-bd77-ef7dc09827c6', 0),
('b4b9c681-c85e-4fc0-b3ba-afbaa4e3282a', '79e9c8e4-32b9-48b5-93be-741a6c8a0c2d', '070d99c3-8423-41af-b09c-99e34f4cd287', 'd0bf1345-fde5-452c-ae9e-d088a5766bed', 0),
('b561dac5-7f87-4bb2-8712-41d15ed7afa7', '79e9c8e4-32b9-48b5-93be-741a6c8a0c2d', 'd269dc59-7033-4a3a-8ed6-3c5cada33f8f', '86379cf5-a6e2-4a8f-aac6-3d524af8a287', 0),
('b82e2a02-09cb-4595-a152-d93387d44908', '79e9c8e4-32b9-48b5-93be-741a6c8a0c2d', 'd4395ecf-f889-4cb5-9651-1ddd7c6625f8', 'f4c80d09-f186-4397-af73-64a157fe32f3', 0),
('ba83de4e-f95c-4c1b-939a-ee17ca8fdc9e', '79e9c8e4-32b9-48b5-93be-741a6c8a0c2d', '27920cef-636b-4794-82d0-ec554699c0cf', 'd0bf1345-fde5-452c-ae9e-d088a5766bed', 0),
('bc1c8415-0d31-4e9a-a0f7-dea802dcd682', '79e9c8e4-32b9-48b5-93be-741a6c8a0c2d', '97e9d8de-fcbd-475c-af43-5d81d0ed86ec', '340a7d8f-a1f7-449b-bd77-ef7dc09827c6', 0),
('bc414849-aa9d-4520-b226-508c13346de8', '79e9c8e4-32b9-48b5-93be-741a6c8a0c2d', 'a9f5179e-0424-429a-b1c0-630bb53e1560', 'c3b17c72-c5bd-49bf-b0bd-ca5bcf653256', 0),
('bc76aa24-19e5-4998-a57d-d8d5d57eb701', '79e9c8e4-32b9-48b5-93be-741a6c8a0c2d', 'da1cbe97-7fe3-4d63-9f20-11d68cef3914', 'b4226944-ef66-41e4-a0f9-4956c9660898', 0),
('bd830e5f-61fd-458a-9214-27868d27f0dd', '79e9c8e4-32b9-48b5-93be-741a6c8a0c2d', '9050c413-7cf1-4b2b-9e57-86663932c4d3', 'b4226944-ef66-41e4-a0f9-4956c9660898', 0),
('bdbb06eb-f55a-4b7e-8e27-fc1741994104', '79e9c8e4-32b9-48b5-93be-741a6c8a0c2d', 'f94f9e99-158c-4519-ae68-5300e1db185d', '86379cf5-a6e2-4a8f-aac6-3d524af8a287', 0),
('be61e014-a1d2-4d87-ac88-6da6f9423dee', '79e9c8e4-32b9-48b5-93be-741a6c8a0c2d', 'bc01eb13-144f-4b7b-a49a-c9322429e816', 'b4226944-ef66-41e4-a0f9-4956c9660898', 0),
('be641256-42c8-44ce-8aeb-e55386ec3373', '79e9c8e4-32b9-48b5-93be-741a6c8a0c2d', '2f54b399-d651-4724-bc80-14fdfe4da31d', 'c0f55864-7cef-4ece-a474-541a83308008', 0),
('c0dbb7c3-b097-419c-a60c-294e3cb8b6b8', '79e9c8e4-32b9-48b5-93be-741a6c8a0c2d', '56e5d2c4-44ae-45af-9df1-8e71962d6dd6', 'c3b17c72-c5bd-49bf-b0bd-ca5bcf653256', 0),
('c114c129-ca29-497f-9238-8ff13dd4af42', '79e9c8e4-32b9-48b5-93be-741a6c8a0c2d', '9789dde6-a7da-4e30-9cc3-ab7660faaa8e', '340a7d8f-a1f7-449b-bd77-ef7dc09827c6', 0),
('c24d15a9-cc70-4f27-a96b-2fb3f680aa1c', '79e9c8e4-32b9-48b5-93be-741a6c8a0c2d', 'a77513be-3828-4fa4-af3c-9be625ae6898', '338da91f-e80f-401e-81ee-11b580b3547d', 0),
('c273f1df-c2d0-4247-b765-f2c970c3d06c', '79e9c8e4-32b9-48b5-93be-741a6c8a0c2d', '0478ee10-5065-44ef-be3f-fe627099a5f3', 'd0bf1345-fde5-452c-ae9e-d088a5766bed', 0),
('c3481b1e-33db-4606-af3c-fd0fab411d21', '79e9c8e4-32b9-48b5-93be-741a6c8a0c2d', 'a253e875-fe95-4a1b-9b12-1b0d99f81bc0', 'b4226944-ef66-41e4-a0f9-4956c9660898', 0),
('c399c326-4633-4ff1-9cf8-5ec0c3eb3482', '79e9c8e4-32b9-48b5-93be-741a6c8a0c2d', '4fddc67c-f52d-4b70-b257-91f1c83a7109', '289cd206-4ea7-4663-97dc-e462cbefee03', 0),
('c3af0f93-fd75-4c2a-9d32-cfb7b31be07b', '79e9c8e4-32b9-48b5-93be-741a6c8a0c2d', '0af41f7d-9b7f-44a7-9c40-e0227ea7b110', '86379cf5-a6e2-4a8f-aac6-3d524af8a287', 0),
('c3b91c83-b8da-4a83-a6ec-8d0b94bb53ca', '79e9c8e4-32b9-48b5-93be-741a6c8a0c2d', '6405888f-782e-4b99-8e15-dbd8a418df6c', 'b4226944-ef66-41e4-a0f9-4956c9660898', 0),
('c412f3ee-b4ad-4ffd-b8d7-926af97dc98e', '79e9c8e4-32b9-48b5-93be-741a6c8a0c2d', 'a050f5dd-c999-49fe-8bfd-81ef6e0b8f30', 'b4226944-ef66-41e4-a0f9-4956c9660898', 0),
('c452c558-2c42-42f6-9dea-c2aa3fdf6a93', '79e9c8e4-32b9-48b5-93be-741a6c8a0c2d', 'ba02f179-8f85-4d5d-82b0-bcd3bb6d702c', '86379cf5-a6e2-4a8f-aac6-3d524af8a287', 0),
('c46a2b50-76a9-4cf6-96bf-a82cde1c9ebc', '79e9c8e4-32b9-48b5-93be-741a6c8a0c2d', '9506d769-107d-4d93-9acc-f203b540c0de', 'f4c80d09-f186-4397-af73-64a157fe32f3', 0),
('c5085bfb-c6fa-4a73-981c-c11770b7c3cb', '79e9c8e4-32b9-48b5-93be-741a6c8a0c2d', '20760179-3fb7-4e2b-9b8c-6d9fe97c0862', '340a7d8f-a1f7-449b-bd77-ef7dc09827c6', 0),
('c69a49fe-2827-4b90-9c5a-8c8724d7948a', '79e9c8e4-32b9-48b5-93be-741a6c8a0c2d', '909d158c-86aa-44d1-af39-09b874caaf1b', 'c0f55864-7cef-4ece-a474-541a83308008', 0),
('c702c951-a65b-471d-a7cd-d13a493bd7a3', '79e9c8e4-32b9-48b5-93be-741a6c8a0c2d', '598c9274-a576-4737-ad6d-3c40c1d47917', '340a7d8f-a1f7-449b-bd77-ef7dc09827c6', 0),
('c809d1c5-4237-40ee-99ea-9f2686e53605', '79e9c8e4-32b9-48b5-93be-741a6c8a0c2d', 'e2e125be-7e21-42ef-b935-a49f3e88f1ce', '289cd206-4ea7-4663-97dc-e462cbefee03', 0),
('c94c4482-b77d-4888-83fd-aefc36db178a', '79e9c8e4-32b9-48b5-93be-741a6c8a0c2d', '7a460c1f-4434-494c-8cd1-f16bb28827fc', 'd0bf1345-fde5-452c-ae9e-d088a5766bed', 0),
('c9ec7c44-0074-40da-8e81-3a86e10cda12', '79e9c8e4-32b9-48b5-93be-741a6c8a0c2d', '3cdb18e2-9fd7-4f45-903c-663720e4a4c3', 'c0f55864-7cef-4ece-a474-541a83308008', 0),
('ce597911-a8a5-4856-939f-8d4f0f237493', '79e9c8e4-32b9-48b5-93be-741a6c8a0c2d', '30a70d73-cb32-4422-80df-1c05fefd34f1', '289cd206-4ea7-4663-97dc-e462cbefee03', 0),
('ce85211d-0709-466f-ac7d-191a24567cea', '79e9c8e4-32b9-48b5-93be-741a6c8a0c2d', '87f0b41e-5f57-4ff3-b2d2-f33f58066093', 'c3b17c72-c5bd-49bf-b0bd-ca5bcf653256', 0),
('cf184e62-c016-4359-ab41-5e8fa5e4e706', '79e9c8e4-32b9-48b5-93be-741a6c8a0c2d', 'b01e7e38-643a-4155-a345-1b8a1c362c67', 'c0f55864-7cef-4ece-a474-541a83308008', 0),
('cf8a8759-4a79-4a7d-a78e-b01a8fdb7bb6', '79e9c8e4-32b9-48b5-93be-741a6c8a0c2d', 'd3093d2e-cff2-428c-b0b3-7b12507b9eea', '340a7d8f-a1f7-449b-bd77-ef7dc09827c6', 0),
('cfcb0844-36a3-4d31-acf0-f57aaaa73a57', '79e9c8e4-32b9-48b5-93be-741a6c8a0c2d', '2eaff75e-51a7-4273-bf1a-ca3dcc501201', 'd0bf1345-fde5-452c-ae9e-d088a5766bed', 0),
('d006c898-f9e6-4fbc-9db1-bb53504b7688', '79e9c8e4-32b9-48b5-93be-741a6c8a0c2d', '28715406-827b-4b91-a35f-4fefbf15645b', 'f4c80d09-f186-4397-af73-64a157fe32f3', 0),
('d040c505-0415-43c7-82d7-1c2fdca24367', '79e9c8e4-32b9-48b5-93be-741a6c8a0c2d', 'cc3b5b7b-fd01-4fb3-adea-d9d91e6adda8', 'c3b17c72-c5bd-49bf-b0bd-ca5bcf653256', 0),
('d0e5c342-795e-447f-95c2-dae0783b19f8', '79e9c8e4-32b9-48b5-93be-741a6c8a0c2d', 'f98f6d56-028d-45f9-86f9-f09723f3ecbd', 'f4c80d09-f186-4397-af73-64a157fe32f3', 0),
('d2a882ef-5f3d-4a35-8cd3-f95bb4e6dcd9', '79e9c8e4-32b9-48b5-93be-741a6c8a0c2d', '733287f1-c8d8-40f0-ada6-c14ece434861', 'c0f55864-7cef-4ece-a474-541a83308008', 0),
('d49b35cc-2d0f-4d52-8cc2-0c23264595f7', '79e9c8e4-32b9-48b5-93be-741a6c8a0c2d', 'b5159a73-f0e8-4aeb-9461-d3658f95c030', 'f4c80d09-f186-4397-af73-64a157fe32f3', 0),
('d4cc1860-82ac-453c-bf0f-057af2128095', '79e9c8e4-32b9-48b5-93be-741a6c8a0c2d', '3c53de9e-f6aa-49ce-800a-ca1e739a4ce5', 'b4226944-ef66-41e4-a0f9-4956c9660898', 0),
('d50b9fb3-3806-484b-bc2b-4eedc2494692', '79e9c8e4-32b9-48b5-93be-741a6c8a0c2d', '47f15e04-88a8-41fb-a70f-0ffa5be2d78a', 'c0f55864-7cef-4ece-a474-541a83308008', 0),
('d64e39cb-b305-4cd0-9c94-ace9c4cd7943', '79e9c8e4-32b9-48b5-93be-741a6c8a0c2d', '162aa8e8-3515-48b3-8d80-5d365996258c', 'c3b17c72-c5bd-49bf-b0bd-ca5bcf653256', 0),
('d6a8873f-e193-4aad-8171-1a0494b92724', '79e9c8e4-32b9-48b5-93be-741a6c8a0c2d', '5136d2a5-18ae-4845-b5e6-a7aedcba6d47', 'd0bf1345-fde5-452c-ae9e-d088a5766bed', 0),
('d7d22de6-5d29-4404-bf30-de32b550fe58', '79e9c8e4-32b9-48b5-93be-741a6c8a0c2d', '7415e710-daea-43ea-bf97-dcdec123d2ea', 'b4226944-ef66-41e4-a0f9-4956c9660898', 0),
('d851035f-5686-4e7d-85de-f7792556d0bd', '79e9c8e4-32b9-48b5-93be-741a6c8a0c2d', '905f0b9e-c721-4ad7-b3ac-e5a38df6d475', 'd0bf1345-fde5-452c-ae9e-d088a5766bed', 0),
('d8511c97-7e02-4cec-a37a-21935cf6ece3', '79e9c8e4-32b9-48b5-93be-741a6c8a0c2d', '7cbe6dfa-d31c-4aa2-8cec-cf75a21ac625', 'f4c80d09-f186-4397-af73-64a157fe32f3', 0),
('d89a5fa1-0c7f-428a-be7a-a36ba0263895', '79e9c8e4-32b9-48b5-93be-741a6c8a0c2d', '54d3fd46-ddd6-42c1-8ccb-cfc224037178', '289cd206-4ea7-4663-97dc-e462cbefee03', 0),
('d96ce5b0-25d9-4dda-9fd8-933403ad81f0', '79e9c8e4-32b9-48b5-93be-741a6c8a0c2d', '2fdcd017-62f7-4b93-b09b-2b6f72beafff', 'b4226944-ef66-41e4-a0f9-4956c9660898', 0),
('d9d09263-1ea2-4042-8fe3-d1b867f204f9', '79e9c8e4-32b9-48b5-93be-741a6c8a0c2d', 'f59dec84-cc69-400c-8594-8e7246ba40f5', '289cd206-4ea7-4663-97dc-e462cbefee03', 0),
('dbdf3082-5b5b-4893-8eaf-a4847e182b25', '79e9c8e4-32b9-48b5-93be-741a6c8a0c2d', 'fa495c8b-856b-4231-aaf8-86669e11a21b', 'f4c80d09-f186-4397-af73-64a157fe32f3', 0),
('dbe086ee-46a5-4aeb-a5f4-405c75efc0bd', '79e9c8e4-32b9-48b5-93be-741a6c8a0c2d', '50b6cdc7-100b-4db4-9885-bd06250b33f1', 'f4c80d09-f186-4397-af73-64a157fe32f3', 0),
('dc66e162-2332-40bb-a0aa-06d4312c1625', '79e9c8e4-32b9-48b5-93be-741a6c8a0c2d', 'd4da7a13-9d3a-4f8d-ae9e-17672f617e3c', '289cd206-4ea7-4663-97dc-e462cbefee03', 0),
('dc997f14-56c3-45bc-9643-1824e0474a1b', '79e9c8e4-32b9-48b5-93be-741a6c8a0c2d', '076577ed-d622-4b9c-9f33-5e46878b7876', 'c3b17c72-c5bd-49bf-b0bd-ca5bcf653256', 0),
('dca71c26-3637-4a12-a88f-734038772232', '79e9c8e4-32b9-48b5-93be-741a6c8a0c2d', 'cd6261a1-dd9f-43e5-b11b-f52a5489beff', 'c3b17c72-c5bd-49bf-b0bd-ca5bcf653256', 0),
('dd2d1180-a4b2-42ca-b3d8-d800b2be6c0f', '79e9c8e4-32b9-48b5-93be-741a6c8a0c2d', '24f6e062-57a3-4e19-b098-31d6051b9ac1', 'f4c80d09-f186-4397-af73-64a157fe32f3', 0),
('dd5f17fe-c9cf-4c53-9f19-e46acdfa7db3', '79e9c8e4-32b9-48b5-93be-741a6c8a0c2d', '2f794db0-5177-4f02-9cd6-25a8f7857786', '86379cf5-a6e2-4a8f-aac6-3d524af8a287', 0),
('dd60ecc2-d0d7-4c5b-a758-38925f756c9b', '79e9c8e4-32b9-48b5-93be-741a6c8a0c2d', '3703658b-8a32-4e30-878b-33749e6304d9', 'b4226944-ef66-41e4-a0f9-4956c9660898', 0),
('dd6d4678-c0ad-4780-b380-2494d5e04ba2', '79e9c8e4-32b9-48b5-93be-741a6c8a0c2d', '5e98cd37-a56b-4faf-9f69-4d1f9f6e127f', '86379cf5-a6e2-4a8f-aac6-3d524af8a287', 0),
('debd701b-db68-40a6-b1e5-a2588a83a74b', '79e9c8e4-32b9-48b5-93be-741a6c8a0c2d', '2aab3ae3-507c-449e-8058-92e85618275f', 'c0f55864-7cef-4ece-a474-541a83308008', 0),
('df8a4b31-bf36-4cbc-8408-dd442b3f5c89', '79e9c8e4-32b9-48b5-93be-741a6c8a0c2d', 'b6214b7b-bf0f-4acb-a823-7daa12598c40', 'b4226944-ef66-41e4-a0f9-4956c9660898', 0),
('e05334f8-9550-49bc-9c38-0659f703d08f', '79e9c8e4-32b9-48b5-93be-741a6c8a0c2d', 'aae19ece-d73d-4dc5-82e9-007cea01ba43', 'c3b17c72-c5bd-49bf-b0bd-ca5bcf653256', 0),
('e4516a37-3920-462f-901a-3b520c1d4a64', '79e9c8e4-32b9-48b5-93be-741a6c8a0c2d', '65ee9679-82e0-44f3-ae3d-f295f0699538', '338da91f-e80f-401e-81ee-11b580b3547d', 0),
('e5bdcabb-8ddc-42d9-8fad-447ca52a676f', '79e9c8e4-32b9-48b5-93be-741a6c8a0c2d', '6f057a1a-c8cc-45fb-95f1-92ee6eb29e77', 'd0bf1345-fde5-452c-ae9e-d088a5766bed', 0),
('e6ae24b2-f7c9-41d1-a9f6-9e72dc901b3c', '79e9c8e4-32b9-48b5-93be-741a6c8a0c2d', 'dd8e60a9-b0d9-4b5c-9155-c13570aebd85', 'c0f55864-7cef-4ece-a474-541a83308008', 0),
('e6f6c2c0-c814-4b89-9761-4a2f9264043d', '79e9c8e4-32b9-48b5-93be-741a6c8a0c2d', 'd30d21db-ef33-4be4-a76d-591790e4f088', '289cd206-4ea7-4663-97dc-e462cbefee03', 0),
('e75290f3-5328-4e32-a90e-fb78a1acc362', '79e9c8e4-32b9-48b5-93be-741a6c8a0c2d', '0ce58990-3a89-4191-9755-7ff90fd17790', '340a7d8f-a1f7-449b-bd77-ef7dc09827c6', 0),
('e762c089-b865-43db-883b-72385a8cc991', '79e9c8e4-32b9-48b5-93be-741a6c8a0c2d', '33bda1b5-c52c-408e-8018-ab611d3e7bf1', 'f4c80d09-f186-4397-af73-64a157fe32f3', 0),
('e7f0a19e-dd0d-4344-b587-ed86ef111467', '79e9c8e4-32b9-48b5-93be-741a6c8a0c2d', 'c7580a89-9494-4cef-a07b-f2e95e074a34', '289cd206-4ea7-4663-97dc-e462cbefee03', 0),
('e8195f91-3cfd-41d2-810e-dc1dc876df29', '79e9c8e4-32b9-48b5-93be-741a6c8a0c2d', '2db0ab13-2e71-47a6-a7d2-0a1bbab692b6', 'c3b17c72-c5bd-49bf-b0bd-ca5bcf653256', 0),
('e8eb765d-61b5-4b4e-b707-b4c4df9ebdb4', '79e9c8e4-32b9-48b5-93be-741a6c8a0c2d', '61df689c-1939-4a8e-a441-2a2f4bfa46c9', 'b4226944-ef66-41e4-a0f9-4956c9660898', 0),
('e9e30872-5e24-4b31-b4e1-e8e41d486317', '79e9c8e4-32b9-48b5-93be-741a6c8a0c2d', '1c4fa2ea-a082-42e8-a147-2c6099d9f5b6', 'f4c80d09-f186-4397-af73-64a157fe32f3', 0),
('edc583f9-1829-409d-a2b2-433000526d52', '79e9c8e4-32b9-48b5-93be-741a6c8a0c2d', 'f4f1508e-0b34-4a24-80d0-8a406a7ab3f7', '340a7d8f-a1f7-449b-bd77-ef7dc09827c6', 0),
('edfebec8-b05e-40af-a73c-b1f60250ea31', '79e9c8e4-32b9-48b5-93be-741a6c8a0c2d', '33c5c0d6-6095-4479-b056-cd38102b4316', '340a7d8f-a1f7-449b-bd77-ef7dc09827c6', 0),
('ee89e2c0-f259-426a-8980-ad7e900bcb84', '79e9c8e4-32b9-48b5-93be-741a6c8a0c2d', 'd37d5283-e838-499f-af98-cba1bbbb0628', '338da91f-e80f-401e-81ee-11b580b3547d', 0),
('ef5650e0-b4db-4805-8db5-7938fdad2719', '79e9c8e4-32b9-48b5-93be-741a6c8a0c2d', '61fae71e-edcb-4178-8d78-b1e68eff3e6d', '338da91f-e80f-401e-81ee-11b580b3547d', 0),
('f11b4d14-ef14-468b-afde-2d7ac9841a71', '79e9c8e4-32b9-48b5-93be-741a6c8a0c2d', '04ad1a03-96ca-44aa-beed-0669770bb657', 'f4c80d09-f186-4397-af73-64a157fe32f3', 0),
('f1c72050-ddde-4a8e-836b-dacbec2e88fc', '79e9c8e4-32b9-48b5-93be-741a6c8a0c2d', '6fe1e089-1a87-4a5d-bada-f89771a9e32d', 'c0f55864-7cef-4ece-a474-541a83308008', 0),
('f2387e65-bba6-47c0-af4a-af529fdb4296', '79e9c8e4-32b9-48b5-93be-741a6c8a0c2d', '49aa51ba-969a-41e4-9973-3f907bff8aa1', '289cd206-4ea7-4663-97dc-e462cbefee03', 0),
('f31d823b-e420-429d-9ab4-2c40b703f427', '79e9c8e4-32b9-48b5-93be-741a6c8a0c2d', '4fdd3a49-3331-4861-9931-b1ab43c2a9e6', 'c0f55864-7cef-4ece-a474-541a83308008', 0),
('f42b3ab3-1992-4b0f-bde6-4466203a4fdd', '79e9c8e4-32b9-48b5-93be-741a6c8a0c2d', 'eef14750-dec0-4bd1-bafa-11bf41f1c2fe', 'b4226944-ef66-41e4-a0f9-4956c9660898', 0),
('f4735e39-d39a-4d96-b609-1b5ea3a6151e', '79e9c8e4-32b9-48b5-93be-741a6c8a0c2d', 'c931410f-ce55-4976-acd2-accad11202ce', 'b4226944-ef66-41e4-a0f9-4956c9660898', 0),
('f49316e6-58f6-4715-bb69-36241e156ca4', '79e9c8e4-32b9-48b5-93be-741a6c8a0c2d', 'a6948a05-31be-4404-bd92-34b323e33035', '86379cf5-a6e2-4a8f-aac6-3d524af8a287', 0),
('f4f6fe09-1ab1-4fc7-873d-8224581782fd', '79e9c8e4-32b9-48b5-93be-741a6c8a0c2d', '307f6984-a097-42aa-910a-c5a448395c90', 'd0bf1345-fde5-452c-ae9e-d088a5766bed', 0),
('f55e2223-507e-4198-ba02-3f7c8d80aeca', '79e9c8e4-32b9-48b5-93be-741a6c8a0c2d', 'ec08f718-e97d-4adf-86d9-ec5b7c17c2f3', '338da91f-e80f-401e-81ee-11b580b3547d', 0),
('f5d0905c-7d5b-4909-bef0-ebcadedaf017', '79e9c8e4-32b9-48b5-93be-741a6c8a0c2d', 'd6239e9a-f01c-4825-95c4-6655b30a204e', '86379cf5-a6e2-4a8f-aac6-3d524af8a287', 0),
('f62a1b8b-1bed-4e2a-863a-12d10c7cf022', '79e9c8e4-32b9-48b5-93be-741a6c8a0c2d', 'a75a0d0d-60b9-45f7-8820-fa8ad1616d1b', 'c0f55864-7cef-4ece-a474-541a83308008', 0),
('f6f42561-e505-46f8-becc-b5745de86389', '79e9c8e4-32b9-48b5-93be-741a6c8a0c2d', '66cd3d96-44d6-447c-a51b-152de9bee855', '86379cf5-a6e2-4a8f-aac6-3d524af8a287', 0),
('f7bf2bbd-6351-4142-8c2d-ffe9c7ac1914', '79e9c8e4-32b9-48b5-93be-741a6c8a0c2d', '0c2c0a8a-7dd0-485e-9624-965d6b7500a1', 'c0f55864-7cef-4ece-a474-541a83308008', 0),
('f7dd2e7d-68a4-470a-8885-403e7a270b02', '79e9c8e4-32b9-48b5-93be-741a6c8a0c2d', '11193c53-97b9-4cd2-ae10-88cccacb66cd', '86379cf5-a6e2-4a8f-aac6-3d524af8a287', 0),
('f8afb63e-6705-469c-a22f-e1cabac17ba6', '79e9c8e4-32b9-48b5-93be-741a6c8a0c2d', 'dc735d31-a96e-434f-831f-5257e1b9314b', 'd0bf1345-fde5-452c-ae9e-d088a5766bed', 0),
('f8c72a98-be97-4b94-94d4-0698f41c77d2', '79e9c8e4-32b9-48b5-93be-741a6c8a0c2d', 'c11eb268-5b5a-4ae2-9b6e-85d80741f3ff', 'c3b17c72-c5bd-49bf-b0bd-ca5bcf653256', 0);
INSERT INTO `kelas_siswa` (`id_kelas_siswa`, `id_tahun_ajaran`, `id_siswa`, `id_kelas`, `status_delete`) VALUES
('f938ed65-ce48-4754-941f-4ebf9a15db65', '79e9c8e4-32b9-48b5-93be-741a6c8a0c2d', 'b2e9d2b9-8147-44d4-8f1e-ae71f148397b', 'f4c80d09-f186-4397-af73-64a157fe32f3', 0),
('f9f53575-d9cb-4a13-8bca-f009ae645eba', '79e9c8e4-32b9-48b5-93be-741a6c8a0c2d', '7cc8f0b8-bc69-44e7-a7d0-aa0cef14d8a8', 'f4c80d09-f186-4397-af73-64a157fe32f3', 0),
('fa026c3c-b292-4a6a-8141-6d8d969d1d81', '79e9c8e4-32b9-48b5-93be-741a6c8a0c2d', '38de5653-0aa1-49ed-b2ac-3612832beb00', '289cd206-4ea7-4663-97dc-e462cbefee03', 0),
('fb4c33b3-bbc6-484a-bc2e-8e9fa55806b2', '79e9c8e4-32b9-48b5-93be-741a6c8a0c2d', 'bc0b4f7f-6fa3-4822-8675-1f0a15904af6', 'b4226944-ef66-41e4-a0f9-4956c9660898', 0),
('fc429b5c-0be5-4a28-acc3-af542952bcf4', '79e9c8e4-32b9-48b5-93be-741a6c8a0c2d', 'ae0ac28b-5e4d-48bb-a060-ec61b186a5a3', '289cd206-4ea7-4663-97dc-e462cbefee03', 0),
('fdd3f824-a94b-4074-bcc8-8e5f672c9793', '79e9c8e4-32b9-48b5-93be-741a6c8a0c2d', '46a06880-3de2-4c18-b6b6-646a6c49e64f', '340a7d8f-a1f7-449b-bd77-ef7dc09827c6', 0),
('fe6af69b-9dfb-41a9-8f9c-3500a7251844', '79e9c8e4-32b9-48b5-93be-741a6c8a0c2d', 'f5d651a2-c922-4b40-abb0-13674bb4504a', '338da91f-e80f-401e-81ee-11b580b3547d', 0),
('ff7ba272-2cd7-4038-99b9-f810e104e0cb', '79e9c8e4-32b9-48b5-93be-741a6c8a0c2d', '0f081089-30ca-49a7-8038-df8bff0e163c', '289cd206-4ea7-4663-97dc-e462cbefee03', 0);

-- --------------------------------------------------------

--
-- Table structure for table `keluarga`
--

CREATE TABLE `keluarga` (
  `id_keluarga` varchar(36) NOT NULL,
  `id_siswa` varchar(36) NOT NULL,
  `id_siswa_keluarga` varchar(36) DEFAULT NULL
) ENGINE=InnoDB DEFAULT CHARSET=utf8;

-- --------------------------------------------------------

--
-- Table structure for table `kolom_spp`
--

CREATE TABLE `kolom_spp` (
  `id_kolom_spp` varchar(36) NOT NULL,
  `nama_kolom_spp` varchar(100) NOT NULL,
  `slug_kolom_spp` varchar(100) NOT NULL,
  `keterangan_kolom` text,
  `status_delete` int NOT NULL
) ENGINE=InnoDB DEFAULT CHARSET=utf8;

--
-- Dumping data for table `kolom_spp`
--

INSERT INTO `kolom_spp` (`id_kolom_spp`, `nama_kolom_spp`, `slug_kolom_spp`, `keterangan_kolom`, `status_delete`) VALUES
('1e2794d7-e20d-4609-a044-6cf4ae6770d9', 'spp', 'spp', NULL, 0),
('7ccc1b0e-44c5-4f20-9bcd-118deac0a01b', 'uang makan', 'uang-makan', NULL, 0),
('bcda29d7-b29f-4d68-a49e-c882faa8ac05', 'tab. tes', 'tab-tes', NULL, 0),
('d9c2c3b4-484f-4f36-a05e-b9e83d58a3e8', 'asrama', 'asrama', NULL, 0);

-- --------------------------------------------------------

--
-- Table structure for table `petugas`
--

CREATE TABLE `petugas` (
  `id_petugas` varchar(36) NOT NULL,
  `id_users` varchar(36) NOT NULL,
  `nama_petugas` varchar(100) NOT NULL,
  `jabatan_petugas` varchar(50) NOT NULL,
  `status_delete` int NOT NULL
) ENGINE=InnoDB DEFAULT CHARSET=utf8;

--
-- Dumping data for table `petugas`
--

INSERT INTO `petugas` (`id_petugas`, `id_users`, `nama_petugas`, `jabatan_petugas`, `status_delete`) VALUES
('e69121d7-1178-4b76-8427-0d87e74d97a0', '1c0e8c57-a967-442b-81fb-8bbb46c9008d', 'Hashirama Senju', 'bendahara-internal', 0);

-- --------------------------------------------------------

--
-- Table structure for table `siswa`
--

CREATE TABLE `siswa` (
  `id_siswa` varchar(36) NOT NULL,
  `nisn` varchar(100) NOT NULL,
  `nama_siswa` varchar(100) NOT NULL,
  `slug_siswa` varchar(100) NOT NULL,
  `jenis_kelamin` varchar(10) NOT NULL,
  `tanggal_lahir` date NOT NULL,
  `nama_ayah` varchar(100) NOT NULL,
  `nama_ibu` varchar(100) NOT NULL,
  `nomor_orang_tua` varchar(20) NOT NULL,
  `asal_kelompok` varchar(100) NOT NULL,
  `asal_wilayah` varchar(100) NOT NULL,
  `wilayah` varchar(50) NOT NULL,
  `status_delete` int NOT NULL
) ENGINE=InnoDB DEFAULT CHARSET=utf8;

--
-- Dumping data for table `siswa`
--

INSERT INTO `siswa` (`id_siswa`, `nisn`, `nama_siswa`, `slug_siswa`, `jenis_kelamin`, `tanggal_lahir`, `nama_ayah`, `nama_ibu`, `nomor_orang_tua`, `asal_kelompok`, `asal_wilayah`, `wilayah`, `status_delete`) VALUES
('0478ee10-5065-44ef-be3f-fe627099a5f3', '0046110648', 'Ali Yurja Akhyari', 'ali-yurja-akhyari', 'laki-laki', '2004-10-12', 'Ambari', 'An nadlroh', '082150799850', '-', '-', 'luar-kota', 0),
('04ad1a03-96ca-44aa-beed-0669770bb657', '0062803516', 'Endri Aprilya', 'endri-aprilya', 'perempuan', '2006-04-05', 'Suryadi', 'Dariasih', '085820765402', '-', '-', 'komplek', 0),
('059cd0b8-460c-46a4-8e8b-e09c83a50c13', '0035159078', 'Tria Ananda', 'tria-ananda', 'perempuan', '2004-12-24', 'Suriyanto', 'Hidayasih', '081253934411', '-', '-', 'luar-kota', 0),
('070d99c3-8423-41af-b09c-99e34f4cd287', '0048754114', 'Muhammad Siraj Muttaqin', 'muhammad-siraj-muttaqin', 'laki-laki', '2004-09-13', 'Dhoni eko siswanto affan', 'Yuliani', '082248820341', '-', '-', 'dalam-kota', 0),
('0750ba35-45db-407b-9cae-2bfeab5edee5', '0051080185', 'Ovan Nathan Mahesa', 'ovan-nathan-mahesa', 'laki-laki', '2005-10-07', 'Nur Hadisan', 'Iin Trisnawati', '085247630160', '-', '-', 'dalam-kota', 0),
('076577ed-d622-4b9c-9f33-5e46878b7876', '0052632827', 'Sofia Nur Alisya', 'sofia-nur-alisya', 'perempuan', '2005-07-01', 'Ferlial Utama', 'Wiwid', '081219188756', '-', '-', 'komplek', 0),
('08bc2f73-fabd-4ef8-8529-6c9ac91aab15', '0042112511', 'Bagas Arya Binarung', 'bagas-arya-binarung', 'laki-laki', '2004-03-18', 'Agung Prayogo', 'Nurnaningsih', '082258748537', '-', '-', 'dalam-kota', 0),
('08da8f4f-78ff-4b76-a610-61152157ffaf', '0056146704', 'Muhammad Ridwan', 'muhammad-ridwan', 'laki-laki', '2005-06-26', 'Heri Suparman', 'Endang Kiswanti', '085246936977', '-', '-', 'dalam-kota', 0),
('09b5509b-5c3c-4587-a8eb-23aef67d3116', '0044755184', 'Rama Aditya Putra', 'rama-aditya-putra', 'laki-laki', '2004-10-19', 'Daryono', 'Suriati', '085247297491', '-', '-', 'luar-kota', 0),
('0af41f7d-9b7f-44a7-9c40-e0227ea7b110', '0042651116', 'Trie Andini Nur Ashari', 'trie-andini-nur-ashari', 'perempuan', '2004-09-10', 'Muslihuddin', 'Salmiah', '085252746547', '-', '-', 'dalam-kota', 0),
('0c2c0a8a-7dd0-485e-9624-965d6b7500a1', '0069709176', 'Nararya Wira Dharma', 'nararya-wira-dharma', 'laki-laki', '2006-03-07', 'Hery Siswanto', 'Isnani Nurhayati', '08115510354', '-', '-', 'komplek', 0),
('0ce58990-3a89-4191-9755-7ff90fd17790', '0041408489', 'Dini Hakim Azhari', 'dini-hakim-azhari', 'perempuan', '2004-05-14', 'Syamsul Arifin', 'Purnawati Dewi', '082238863521 ', '-', '-', 'dalam-kota', 0),
('0d5a5954-4cff-4d38-8526-ee0e1123f92b', '0052004270', 'Muhammad Erdi Saputra', 'muhammad-erdi-saputra', 'laki-laki', '2005-02-01', 'Rusdi', 'Herni Nurul Huda', '082192416099', '-', '-', 'luar-kota', 0),
('0eb93ede-8787-4c8f-a7de-b739d5c8429a', '0055169985', 'Aksan Bany Muqoddas', 'aksan-bany-muqoddas', 'laki-laki', '2005-02-22', 'Abdul Qodir Manuddin', 'Anis Hadiyati', '081346405046', '-', '-', 'luar-kota', 0),
('0ee275fb-793c-47c2-91f3-0fec4956893d', '0043290812', 'Rosyid Danung Al Jawari', 'rosyid-danung-al-jawari', 'laki-laki', '2004-10-02', 'Akhmad Yudiansyah', 'Ayu', '085346918354', '-', '-', 'luar-kota', 0),
('0f081089-30ca-49a7-8038-df8bff0e163c', '0056755713', 'Nida Afifah', 'nida-afifah', 'perempuan', '2005-05-25', 'Amat Safi\'i', 'Endah Wahyuni', '085772560126', '-', '-', 'luar-kota', 0),
('0f25a8f4-efc4-4591-9d2c-01a93cf93b5e', '0069711652', 'Rizki Dion Nasrulloh', 'rizki-dion-nasrulloh', 'laki-laki', '2006-06-19', 'Suwondo', 'Vera Maria Astuti', '081350371103', '-', '-', 'komplek', 0),
('0fa6a26a-032b-4db4-ba68-55f961063e5e', '0059348854', 'Anina Chelsea Haniariskika Fardani Fitri', 'anina-chelsea-haniariskika-fardani-fitri', 'perempuan', '2005-07-15', 'Wiranto', 'Sukini', '082255304144', '-', '-', 'luar-kota', 0),
('0ff88d68-67cb-4907-ac05-ee9c2c3e5976', '0039509233', 'Agil Ariya Senthiyaki R', 'agil-ariya-senthiyaki-r', 'laki-laki', '2003-11-06', 'Gunawan', 'Rina Irawati', '085822844437', '-', '-', 'luar-kota', 0),
('10aa90bc-d655-43cd-97dc-426b73fb6e09', '0046094380', 'Faris Al-Amin', 'faris-al-amin', 'laki-laki', '2004-11-02', 'Imam Basori', 'Setyowati', '085231149009', '-', '-', 'luar-kota', 0),
('10e00dd0-e1be-43ab-9fec-0a8d39dc82ac', '0066369224', 'Refana Naimatul Magfiroh', 'refana-naimatul-magfiroh', 'perempuan', '2006-07-29', 'Suparto', 'Herminy', '082155205556', '-', '-', 'luar-kota', 0),
('11193c53-97b9-4cd2-ae10-88cccacb66cd', '0037490515', 'Adam Adelwan', 'adam-adelwan', 'laki-laki', '2003-07-20', 'Sandra Nirwan', 'Della Mahesi Agustiany', '082320724670', '-', '-', 'luar-kota', 0),
('1153d673-160c-41a1-86d9-498639a7d9df', '0020448371', 'Rizki', 'rizki', 'laki-laki', '2002-04-03', 'La alidi', 'Wa sayani', '082248001553', '-', '-', 'dalam-kota', 0),
('11acf939-c1f8-4b6f-9305-212d068218b6', '0049023745', 'Syifa Rohayin Qurrotu Aini Alfahmy', 'syifa-rohayin-qurrotu-aini-alfahmy', 'perempuan', '2004-07-25', 'Deddy Wachid Ashari Sudarto', 'Erry Kusumadhani', '081346636354', '-', '-', 'luar-kota', 0),
('12576234-5d3f-466f-9a84-5a2664682ddc', '0043493392', 'Sulthon Jamil', 'sulthon-jamil', 'laki-laki', '2004-06-05', 'Sumaryo', 'Tri Maryani', '081350562144', '-', '-', 'luar-kota', 0),
('129895c5-e72a-4d4d-848f-9ed4e43a5b4c', '0062237872', 'Suci Ayuningtias', 'suci-ayuningtias', 'perempuan', '2006-08-24', 'Yoyok Sugeng Irawan', 'Nanik Sukeni', '081545027167', '-', '-', 'luar-kota', 0),
('1411a881-2a32-4e76-bb1b-dc33ef331be3', '0065261063', 'Dani Akbar Hidayat', 'dani-akbar-hidayat', 'laki-laki', '2006-06-24', 'Nur Komari', 'Siti Juwariyah', '081350489325', '-', '-', 'luar-kota', 0),
('1413d80d-3e9f-44f0-a246-e9d564485ebe', '0045328453', 'Sean Sakti Zaed Abdulloh Badawi', 'sean-sakti-zaed-abdulloh-badawi', 'laki-laki', '2005-02-14', 'Zulfikar Ali Said', 'Sawiningtyas', '083140558736', '-', '-', 'dalam-kota', 0),
('14a8bac3-5f74-4ad1-b9cc-633178569287', '0051015817', '\'Izzatullah Labibah \'Ulya', 'izzatullah-labibah-ulya', 'perempuan', '2005-02-03', 'Drs Hadi Wardoyo M.Pd', 'Wiwik Rahayu Ningsih Amd', '081282064054', '-', '-', 'luar-kota', 0),
('155d0f08-9c7f-4017-a5b8-5b2d0a82ee67', '0062848927', 'Yenita Rasyid', 'yenita-rasyid', 'perempuan', '2006-07-20', 'Yuliono Supriyadi', 'Ernawati', '08115551078', '-', '-', 'dalam-kota', 0),
('1598692b-7140-4eb4-afac-d472fdd2bdda', '0059398934', 'Fachrul Nauval Ardian Putra', 'fachrul-nauval-ardian-putra', 'laki-laki', '2005-07-03', 'Sumarso', 'Nur Chayati', '1915530899', '-', '-', 'dalam-kota', 0),
('162aa8e8-3515-48b3-8d80-5d365996258c', '0049226227', 'Sultan Adhi Nova', 'sultan-adhi-nova', 'laki-laki', '2004-11-17', 'Ubaidillah', 'Ida Yanti', '085551268223', '-', '-', 'dalam-kota', 0),
('17ec3873-cbaa-4f49-81ca-937e28f9f2a8', '0047098773', 'Vania Nariswari', 'vania-nariswari', 'perempuan', '2004-11-17', 'Warimin', 'Anismarchamah', '08195554436', '-', '-', 'komplek', 0),
('1a47bbde-46c1-4c21-aa06-7171b1a88a6d', '0048190075', 'David Ali Mustofa', 'david-ali-mustofa', 'laki-laki', '2004-09-28', 'Bika Ade Hermawan', 'Sunayah', '085345319975', '-', '-', 'luar-kota', 0),
('1b21c64b-d5d0-4046-abab-c18949a679f8', '0035356686', 'Nanang Kukuh Prasetya Maulana', 'nanang-kukuh-prasetya-maulana', 'laki-laki', '2003-10-16', 'Kamto', 'Siti Maryam', '085761856687', '-', '-', 'luar-kota', 0),
('1c263609-1227-441b-a3ca-c956a12253c6', '0044972331', 'Ega Izza Abdul Dhohir', 'ega-izza-abdul-dhohir', 'laki-laki', '2004-12-29', 'Rifai', 'Fia Mahmuda', '085210764629', '-', '-', 'luar-kota', 0),
('1c4fa2ea-a082-42e8-a147-2c6099d9f5b6', '0065634694', 'Tirta Ahmad Fionaldo', 'tirta-ahmad-fionaldo', 'laki-laki', '2006-02-09', 'Riyanto', 'Ririn Hidayati', '0813583354', '-', '-', 'komplek', 0),
('1cd2a796-ad75-4aad-b0f2-687942b778ef', '3048540921', 'Arjuna Jaka Prawira', 'arjuna-jaka-prawira', 'laki-laki', '2004-08-23', 'Miskamto', 'Misgiani Utami Ningsih', '081347761004', '-', '-', 'luar-kota', 0),
('1d214302-8ff1-4f84-8e4a-ac30949b0762', '0043614424', 'Putri Rahayu Wulan Ningrum', 'putri-rahayu-wulan-ningrum', 'perempuan', '2004-01-23', 'Kuwatno', 'To\'ah Hermawati', '081808175424', '-', '-', 'dalam-kota', 0),
('20760179-3fb7-4e2b-9b8c-6d9fe97c0862', '0047463504', 'Amelia Salamah', 'amelia-salamah', 'perempuan', '2004-04-12', 'Mujiono', 'Winarti', '082250729212', '-', '-', 'komplek', 0),
('21dc6aa1-a589-4947-ada8-aa34fa99fc42', '0047590215', 'Dinar Taratih Wulandari', 'dinar-taratih-wulandari', 'perempuan', '2004-05-05', 'Siswanto', 'Sriatun', '081335442195', '-', '-', 'dalam-kota', 0),
('242097ff-9b1c-47cd-a188-f9cdb1c048c3', '0043158095', 'Riyan Kurnianto', 'riyan-kurnianto', 'laki-laki', '2004-01-29', 'Pujianto', 'Purwati', '085350234244 ', '-', '-', 'dalam-kota', 0),
('248559f5-e6b0-4e3f-9f22-d04f5fba25a8', '0043319423', 'Zahrah Nazhifah Iftinany', 'zahrah-nazhifah-iftinany', 'perempuan', '2004-05-30', 'Imron', 'Lilis suryani, s.pd', '082358687870', '-', '-', 'dalam-kota', 0),
('24f6e062-57a3-4e19-b098-31d6051b9ac1', '0055931297', 'Ichwan Baitul Izza Lubis', 'ichwan-baitul-izza-lubis', 'laki-laki', '2005-11-17', 'Ismanto', 'Sumarni', '085388779330', '-', '-', 'komplek', 0),
('25ec505a-95ec-4a0d-97fe-21c40c55361f', '0056923888', 'Rafly Krisna Maulana', 'rafly-krisna-maulana', 'laki-laki', '2005-07-07', 'Bambang Hadi Ismanto', 'Kartini', '082156332192', '-', '-', 'luar-kota', 0),
('260da6a2-18da-4d87-835b-4ec3426d4a33', '0052337973', 'Briliana Alhan Maharani', 'briliana-alhan-maharani', 'perempuan', '2005-05-19', 'Tarimo Sucipto', 'Novi Lindawati', '081347215745', '-', '-', 'luar-kota', 0),
('2667d180-fa4a-449e-9859-c0a89f5a4faf', '0059386237', 'Ova Maulana Alvareza', 'ova-maulana-alvareza', 'laki-laki', '2005-08-20', 'Agus Parimin', 'Sumarni', '085393128314', '-', '-', 'luar-kota', 0),
('26d8e031-bd73-48ef-827c-a6c370ca0831', '0055703804', 'Syaiful Anwar Ibrahim', 'syaiful-anwar-ibrahim', 'laki-laki', '2005-08-14', 'Wagiman', 'Suwarni', '085391281364', '-', '-', 'luar-kota', 0),
('27920cef-636b-4794-82d0-ec554699c0cf', '0032673019', 'Eka Seppita Ariana Putri. M', 'eka-seppita-ariana-putri-m', 'perempuan', '2003-09-11', 'Supriyanto', 'Ida mujiati', '082256280045', '-', '-', 'dalam-kota', 0),
('28715406-827b-4b91-a35f-4fefbf15645b', '0062674235', 'Ogi Alfian Thoriq', 'ogi-alfian-thoriq', 'laki-laki', '2006-05-14', 'Sugiyo', 'Sukarmilawati', '085806776945', '-', '-', 'luar-kota', 0),
('29b887a3-b1ea-4538-8a5e-f5e0811f421a', '0067666394', 'Luthfi Dzulfikar Yudyanzah', 'luthfi-dzulfikar-yudyanzah', 'laki-laki', '2006-01-18', 'Anang Yudyantara', 'Nurul Faizah', '082133814204', '-', '-', 'dalam-kota', 0),
('2aab3ae3-507c-449e-8058-92e85618275f', '0052969752', 'Muhammad Rafi Ramadhan', 'muhammad-rafi-ramadhan', 'laki-laki', '2005-10-31', 'Sukamto', 'Ucik Mei Kurniasari', '082357808082', '-', '-', 'luar-kota', 0),
('2b66a507-8796-462d-a04f-694dacabfb61', '0052047484', 'Adzan Almahdi Nurohmat', 'adzan-almahdi-nurohmat', 'laki-laki', '2005-06-16', 'Sutamat', 'Sahati Puji Lestari', '082151705145', '-', '-', 'dalam-kota', 0),
('2d598af0-af9c-462a-a3b9-0f7d7914dd64', '0051816715', 'Bulan Nur Azizah', 'bulan-nur-azizah', 'perempuan', '2005-04-25', 'Muflikun', 'Daniroh', '085247397070', '-', '-', 'luar-kota', 0),
('2db0ab13-2e71-47a6-a7d2-0a1bbab692b6', '0056181992', 'Nanda Lika Aulia Putri', 'nanda-lika-aulia-putri', 'perempuan', '2005-01-02', 'Suwari', 'Sutirah', '082279167354', '-', '-', 'luar-kota', 0),
('2e2439ae-a3c6-4296-9d44-9701704c13f3', '0065600211', 'Xeniar Antika', 'xeniar-antika', 'perempuan', '2005-06-19', 'Agung Saputro', 'Sri Wahyuning Tyas', '081346334530', '-', '-', 'luar-kota', 0),
('2eaff75e-51a7-4273-bf1a-ca3dcc501201', '0038973484', 'Fadilia Fatika Lestari', 'fadilia-fatika-lestari', 'perempuan', '2004-04-12', 'Sutamat', 'Sahati puji lestari', '085822332438', '-', '-', 'dalam-kota', 0),
('2f54b399-d651-4724-bc80-14fdfe4da31d', '0065217909', 'Endang Dwi Nur Azizah', 'endang-dwi-nur-azizah', 'perempuan', '2006-07-17', 'Samroni', 'Siti Nur Halimah', '082150654201', '-', '-', 'luar-kota', 0),
('2f794db0-5177-4f02-9cd6-25a8f7857786', '0041851334', 'Mutiara Sonja Triana', 'mutiara-sonja-triana', 'perempuan', '2004-09-28', 'Abdul Jalal', 'Nurul Istiqomah', '081351662490 ', '-', '-', 'dalam-kota', 0),
('2fdcd017-62f7-4b93-b09b-2b6f72beafff', '0059002125', 'Cafa Dara Nafisa', 'cafa-dara-nafisa', 'perempuan', '2005-09-03', 'Hasan Roin Rosidin', 'Ulfa Ema', '085338341189', '-', '-', 'luar-kota', 0),
('303dc32c-1441-488a-8c86-d352daeba3b4', '0043319503', 'Salsa Hermadhiyaa Jauzaa', 'salsa-hermadhiyaa-jauzaa', 'perempuan', '2004-09-24', 'Heru Rayandra', 'Mariah', '082155366103', '-', '-', 'dalam-kota', 0),
('307f6984-a097-42aa-910a-c5a448395c90', '0048589026', 'Sofia Noor Dianti', 'sofia-noor-dianti', 'perempuan', '2004-03-08', 'Ngadianto', 'Marsi', '081258952543', '-', '-', 'dalam-kota', 0),
('30a70d73-cb32-4422-80df-1c05fefd34f1', '0043998630', 'Diyyo Nurroikhan', 'diyyo-nurroikhan', 'laki-laki', '2004-07-26', 'Ngatiyo', 'Lusi Ardyani', '081253056711', '-', '-', 'luar-kota', 0),
('33bda1b5-c52c-408e-8018-ab611d3e7bf1', '0064820157', 'Muttiah Ratna Sari', 'muttiah-ratna-sari', 'perempuan', '2006-06-14', 'Tukiman', 'Khasanah', '081232801896', '-', '-', 'dalam-kota', 0),
('33c5c0d6-6095-4479-b056-cd38102b4316', '0037033731', 'Anindita Amelia', 'anindita-amelia', 'perempuan', '2003-11-29', 'Dwi Agus Purwiyono', 'Wiwin Sri Winarni', '085718146142', '-', '-', 'komplek', 0),
('340b6fcc-68d6-447f-a1a4-74de51c8f5f2', '0042275349', 'Imel Rindayani Ekawaty', 'imel-rindayani-ekawaty', 'perempuan', '2004-08-07', 'Mappa', 'Nurliana', '085750414816', '-', '-', 'dalam-kota', 0),
('34be04ae-4876-40f7-aa7d-f32ce90c09a8', '0045238445', 'Dhimas Ilmal Yakin', 'dhimas-ilmal-yakin', 'laki-laki', '2004-10-24', 'Khakul Yakin', 'Kamsiah', '085390698971', '-', '-', 'dalam-kota', 0),
('34e7d58b-7dda-4ed2-bf07-8db36ba375f1', '0049818812', 'Riska Selfiana', 'riska-selfiana', 'perempuan', '2004-04-20', 'Suwondo Parman', 'Ernawati', '082260525393', '-', '-', 'luar-kota', 0),
('3619d11e-2122-4ff0-957e-d773042c2fc5', '0053296310', 'Adam Putra Firdaus', 'adam-putra-firdaus', 'laki-laki', '2005-01-22', 'Sujoko', 'Ernawati Astuti', '085248601154', '-', '-', 'luar-kota', 0),
('36e8b655-8c39-4480-bd14-4e2c38991238', '0065275581', 'Afriq Faqih Fidin', 'afriq-faqih-fidin', 'laki-laki', '2006-04-04', 'Aras Husain', 'Hasriani', '085245977027', '-', '-', 'luar-kota', 0),
('3703658b-8a32-4e30-878b-33749e6304d9', '0055477406', 'Dimas Fatra Maulana', 'dimas-fatra-maulana', 'laki-laki', '2005-11-11', 'Marsudi', 'Suharni', '082353817799', '-', '-', 'dalam-kota', 0),
('37947343-6540-4447-9ffb-b837612cb7fa', '0046695422', 'Nurul Hasanah', 'nurul-hasanah', 'perempuan', '2004-12-24', 'Saleh', 'Helmi Yuliani', '085348868729', '-', '-', 'dalam-kota', 0),
('38de5653-0aa1-49ed-b2ac-3612832beb00', '0050751727', 'Julianti Aulia', 'julianti-aulia', 'perempuan', '2005-07-22', 'Juanis', 'Kartini', '081347651694', '-', '-', 'dalam-kota', 0),
('3a7acd95-ff87-46ad-ac28-520035b2b9d5', '0061644636', 'Fatkhur Rozi', 'fatkhur-rozi', 'laki-laki', '2006-01-16', 'Sumarno', 'Suwarti', '082151708292', '-', '-', 'luar-kota', 0),
('3a8d48f4-0cea-493e-82a9-165ca8d573f2', '0038844818', 'Rizal Saipul Abidin', 'rizal-saipul-abidin', 'laki-laki', '2003-02-12', 'Darsono', 'Siskawati', '085821217839', '-', '-', 'luar-kota', 0),
('3b5ab0aa-6a6f-43ca-9ce4-9681322770a1', '0047249339', 'Nidia Azizah Nurul Afifah', 'nidia-azizah-nurul-afifah', 'perempuan', '2004-11-01', 'Thoiron Abdulloh', 'Siti Lailatin', '081347500868', '-', '-', 'luar-kota', 0),
('3bbd251e-20ff-494e-9513-d9956e5fc35d', '0044070839', 'Dini Dwi Rahmawati', 'dini-dwi-rahmawati', 'perempuan', '2004-06-02', 'Giman', 'Siti Aminah', '085828243100', '-', '-', 'komplek', 0),
('3c53de9e-f6aa-49ce-800a-ca1e739a4ce5', '0069087505', 'Dina Fauziyah Sofyani', 'dina-fauziyah-sofyani', 'perempuan', '2006-03-11', 'Yayan Aidu Riduan', 'Khairani', '081253569672', '-', '-', 'dalam-kota', 0),
('3cdb18e2-9fd7-4f45-903c-663720e4a4c3', '0058688964', 'Muhammad Azalea Valin', 'muhammad-azalea-valin', 'laki-laki', '2005-09-07', 'Kuswaji', 'Nurul Hidayati', '085648908036', '-', '-', 'dalam-kota', 0),
('3cf52488-a8ce-4cc0-9c7f-7af02d8a2941', '0037033726', 'Aymelfi Kusuma Wardani', 'aymelfi-kusuma-wardani', 'perempuan', '2003-11-10', 'Kusnadi', 'Puji lestari', '081253878321', '-', '-', 'dalam-kota', 0),
('3cfa622c-3b02-4714-be68-674c53eaf977', '0042378614', 'Wahyu Wulandari Siswanto Putri', 'wahyu-wulandari-siswanto-putri', 'perempuan', '2004-07-19', 'Tamin siswanto', 'Sri wulan', '083141891912', '-', '-', 'luar-kota', 0),
('3fdf3f84-8b82-4380-8ace-6a11e245c9c6', '0066433115', 'Nikmahtul Jannah', 'nikmahtul-jannah', 'perempuan', '2006-08-04', 'Budiono', 'Misiyem', '085750748400', '-', '-', 'luar-kota', 0),
('414c984f-477a-4f4d-8634-0d6c53078bbe', '0042651100', 'Indah Cahyani', 'indah-cahyani', 'perempuan', '2004-06-18', 'Kusnan', 'Purwanti', '085822837728', '-', '-', 'dalam-kota', 0),
('41949dbc-6489-475b-b129-4ec8e3350132', '0042975919', 'Andi Fazhlullah Auza\'i', 'andi-fazhlullah-auzai', 'laki-laki', '2004-08-11', 'Sopian Hadi', 'Aryana', '0811580440', '-', '-', 'dalam-kota', 0),
('42f3e429-c2ed-4159-a0c6-1232012416aa', '0051811774', 'Muhammad Rehal Sa\'ad Finaban', 'muhammad-rehal-saad-finaban', 'laki-laki', '2005-01-14', 'Gufron', 'Aquari Mustikwati', '081347127999', '-', '-', 'komplek', 0),
('46a06880-3de2-4c18-b6b6-646a6c49e64f', '0040472179', 'Latifa Nur Isnaini', 'latifa-nur-isnaini', 'perempuan', '2003-12-22', 'Munhamir Al Firdaus', 'Rikhatul Jannah', '085822573609  ', '-', '-', 'dalam-kota', 0),
('479b708c-744b-4a47-adf3-803357b74c91', '0063617530', 'Tiara Octa Febrilian', 'tiara-octa-febrilian', 'perempuan', '2006-10-30', 'Rudi Irawan', 'Elinawati', '082150106957', '-', '-', 'dalam-kota', 0),
('47bc9899-0a0b-4152-a4e1-b0ee676f692e', '0068401885', 'Syifa Qissisina Zahratussholihatin', 'syifa-qissisina-zahratussholihatin', 'perempuan', '2006-06-02', 'Moh. Yaskun Hidayatullah', 'Sholihatin', '081254994470', '-', '-', 'luar-kota', 0),
('47f15e04-88a8-41fb-a70f-0ffa5be2d78a', '0062067952', 'Aulia Sholihah', 'aulia-sholihah', 'perempuan', '2006-03-09', 'Harno', 'Amriyah', '082252104732', '-', '-', 'dalam-kota', 0),
('486736db-ec6b-4ada-b2b4-decd5aebf571', '0023607068', 'Dhohir Zakya Satria Triyoga', 'dhohir-zakya-satria-triyoga', 'laki-laki', '2005-03-26', 'Suparto', 'Harminy', '081351961975', '-', '-', 'luar-kota', 0),
('49475947-0517-4070-a0dc-4d3a2e8018da', '0045814875', 'Mochammad Ryan Abdillah', 'mochammad-ryan-abdillah', 'laki-laki', '2004-09-07', 'Mochammad Hengki Tri Wahyudi', 'Dwi Kuniati', '085346377038', '-', '-', 'dalam-kota', 0),
('49535fa0-bed5-43a5-b0f2-53a1b32888e5', '0051038091', 'Millatina Mizab Assofa', 'millatina-mizab-assofa', 'perempuan', '2005-08-22', 'Sofa', 'Liah Agustinah', '08125389432', '-', '-', 'luar-kota', 0),
('49aa51ba-969a-41e4-9973-3f907bff8aa1', '0056965413', 'Aprillia Ayuwaningsih', 'aprillia-ayuwaningsih', 'perempuan', '2005-04-28', 'Muhammad Amin', 'Endang Pupriati', '083150414354', '-', '-', 'dalam-kota', 0),
('4a7a4d62-f254-4aac-929f-16e01ed4b570', '0045276223', 'Muhammad Ramzy Nur Fauzy', 'muhammad-ramzy-nur-fauzy', 'laki-laki', '2004-10-27', 'Abdul rahman', 'Nurul anggraini', '085705944752', '-', '-', 'dalam-kota', 0),
('4b89af9d-de36-4af6-ae55-0eec6332f6c1', '0045036703', 'Adinda Risky Ayu Salsabila', 'adinda-risky-ayu-salsabila', 'perempuan', '2004-11-13', 'Nasrayuddin', 'Nurisyah', '081346556167', '-', '-', 'luar-kota', 0),
('4b9681b5-36e3-433a-8db6-34d90125e9aa', '0032220659', 'Sakinatunnisa', 'sakinatunnisa', 'laki-laki', '2003-04-06', 'Murlan', 'Anis', '08154940845', '-', '-', 'dalam-kota', 0),
('4c5e0525-9f12-4315-ad55-fc521cb8d72c', '0052010187', 'Akbar Alhadi Nurohmat', 'akbar-alhadi-nurohmat', 'laki-laki', '2005-06-16', 'Sutamat', 'Sahati Puji Lestari', '082151705145', '-', '-', 'dalam-kota', 0),
('4d01253d-3089-45aa-87be-6d0b103cbba7', '0063420994', 'Nidya Izza Naura', 'nidya-izza-naura', 'perempuan', '2006-11-24', 'Bambang Hasto Purnomo', 'Srie Utami Dewi', '085252000866', '-', '-', 'dalam-kota', 0),
('4d6c45ab-ca80-4d72-ac3e-93b271e6e576', '0057575020', 'Siti Nurul Fadillah', 'siti-nurul-fadillah', 'perempuan', '2004-08-14', 'Hendri Arsani', 'Rosalina', '081344973774', '-', '-', 'dalam-kota', 0),
('4f98aaeb-4086-4186-8080-21953ca05e1f', '0057734259', 'Cerly Irma Saputri', 'cerly-irma-saputri', 'perempuan', '2005-01-15', 'Supardji', 'Sunartun', '081335945225', '-', '-', 'luar-kota', 0),
('4fdd3a49-3331-4861-9931-b1ab43c2a9e6', '0066656141', 'Ana Maria Arbaata', 'ana-maria-arbaata', 'perempuan', '2006-03-24', 'H. Abdul Manan', 'Siti Rumiati', '0821-5521-9353', '-', '-', 'luar-kota', 0),
('4fddc67c-f52d-4b70-b257-91f1c83a7109', '0053299212', 'Egi Reka Prasojo', 'egi-reka-prasojo', 'laki-laki', '2005-07-14', 'Misman', 'Juarinna', '085753372592', '-', '-', 'komplek', 0),
('4ffe9090-bcf6-4f12-b770-1a1b76d295ac', '0058558243', 'Sela Yupika Devi', 'sela-yupika-devi', 'perempuan', '2005-06-06', 'Suwondo Parman', 'Irnawati', '081347617500', '-', '-', 'luar-kota', 0),
('50753c8e-dde9-4f95-a933-b6bd55fcab04', '0040795313', 'Khoirunnisa Pebri Salsabilah', 'khoirunnisa-pebri-salsabilah', 'perempuan', '2004-02-26', 'Muhammad kasim', 'Sunaini', '08985905659', '-', '-', 'luar-kota', 0),
('50949543-ff6f-4d96-a4b4-f2eea53292e5', '0055135958', 'Faiz Hasbi Maulana', 'faiz-hasbi-maulana', 'laki-laki', '2005-04-22', 'Fauzi', 'Khoirotus Sholiha', '085249242874', '-', '-', 'luar-kota', 0),
('50afe593-9869-48da-afd9-5bf09d2ee5a8', '0037111618', 'Dion Nasrul', 'dion-nasrul', 'laki-laki', '2003-05-27', 'Ahmad Sattu', 'Juhari Ecce', '085348151891', '-', '-', 'luar-kota', 0),
('50b6cdc7-100b-4db4-9885-bd06250b33f1', '0069038037', 'Anis Susiati', 'anis-susiati', 'perempuan', '2006-05-21', 'Slamet', 'Lilik Ernawaty', '081347233541', '-', '-', 'komplek', 0),
('5136d2a5-18ae-4845-b5e6-a7aedcba6d47', '0044117824', 'Izza Maharani Musthofa', 'izza-maharani-musthofa', 'perempuan', '2004-05-21', 'Agus mustofa', 'Dwi sita pangalila', '083140778005', '-', '-', 'dalam-kota', 0),
('5373418c-fd83-4053-adb2-6243d6ad67b2', '0056662819', 'Aisyah Munawaroh Putri', 'aisyah-munawaroh-putri', 'perempuan', '2005-03-28', 'Muhammad Taufiq Musrod', 'Rimadani', '081334533457', '-', '-', 'dalam-kota', 0),
('53eecb5c-a7d8-4d6b-800a-fcdef7360563', '0059640428', 'Yourdan Faris Alkayisa', 'yourdan-faris-alkayisa', 'laki-laki', '2005-12-08', 'Muhammad Ridwan', 'Dewi Ulfa Fauziah', '0811550921', '-', '-', 'dalam-kota', 0),
('54868cac-102c-4801-a4c3-b2cdaded9a0b', '0056367397', 'Dimas Noerhidayat', 'dimas-noerhidayat', 'laki-laki', '2005-01-27', 'Suparmadi', 'Ida Rahayu', '081242975550', '-', '-', 'dalam-kota', 0),
('54d3fd46-ddd6-42c1-8ccb-cfc224037178', '0057805867', 'Ainun Tiaraningtias Lusihana', 'ainun-tiaraningtias-lusihana', 'perempuan', '2005-07-23', 'Sihono', 'Lutmiyati', '082153413845', '-', '-', 'komplek', 0),
('5535bbbf-7323-4b30-8537-be56a6ae74b8', '0053764414', 'Muhammad Michail Maulana Al-Hafidz', 'muhammad-michail-maulana-al-hafidz', 'laki-laki', '2004-10-05', 'Ariyanto', 'Estie Suciati', '085250661505', '-', '-', 'luar-kota', 0),
('56e5d2c4-44ae-45af-9df1-8e71962d6dd6', '0043376762', 'Sintiya Dewi Mar Atus Sholihah', 'sintiya-dewi-mar-atus-sholihah', 'perempuan', '2004-03-20', 'Mahfudi', 'Fatma Wati', '081254569189', '-', '-', 'luar-kota', 0),
('57d2af96-d43f-4a48-bce2-dae5f3d6f5bf', '0063661413', 'Aishita Zulfa Setiani', 'aishita-zulfa-setiani', 'perempuan', '2006-07-26', 'Joko Setiono', 'Khusnaini', '081528551630', '-', '-', 'dalam-kota', 0),
('594c11c0-4d27-431a-a7b3-21491024d7d7', '0043317336', 'Aditya Akbar Wibowo', 'aditya-akbar-wibowo', 'laki-laki', '2004-11-22', 'Teguh Wibowo', 'Heni Merdikawati', '082353160208', '-', '-', 'dalam-kota', 0),
('598c9274-a576-4737-ad6d-3c40c1d47917', '0042018496', 'Raya Handayani', 'raya-handayani', 'perempuan', '2004-02-01', 'Mardi', 'Umi Kulson', '082119083543', '-', '-', 'komplek', 0),
('5b7e40c7-09be-46d8-b965-6aec50b584f0', '0056270638', 'Dewi Nur Azizah', 'dewi-nur-azizah', 'perempuan', '2005-07-02', 'Syamsur', 'Supiati', '085250325034', '-', '-', 'luar-kota', 0),
('5d08f525-aedb-4b78-b470-85ccfc707546', '0033363020', 'Fitria Nur Handayani', 'fitria-nur-handayani', 'perempuan', '2004-07-13', 'Jumarto', 'Siyam Wahyuni', '085751381882', '-', '-', 'luar-kota', 0),
('5dab9a34-7c72-4894-bbe4-96f36df5ce98', '0039449230', 'Raissa Aulia Firdauz', 'raissa-aulia-firdauz', 'perempuan', '2003-10-21', 'Hadi Surya', 'Nur Endah Purwandini', ' 087846697619', '-', '-', 'dalam-kota', 0),
('5e10d108-f65e-4f44-b554-3ebf955ccda0', '0055284870', 'Irrena Zahwa Khairany', 'irrena-zahwa-khairany', 'perempuan', '2005-04-29', 'Fredy Purwanto Pamungkas', 'Andi Mahdalena', '082124392354', '-', '-', 'luar-kota', 0),
('5e98cd37-a56b-4faf-9f69-4d1f9f6e127f', '0043677446', 'Aulia Ayu Septiani', 'aulia-ayu-septiani', 'perempuan', '2004-09-30', 'Supraptiyo', 'Wiwik  Maimunah', '085751658682', '-', '-', 'komplek', 0),
('609e2ca5-2406-4c22-a90f-c7042545e656', '0042277948', 'M.Abdullah Fiqih', 'mabdullah-fiqih', 'laki-laki', '2004-08-01', 'Jamrozi', 'Titiningsih', '081218514302', '-', '-', 'luar-kota', 0),
('61b93f9b-d5bb-40eb-bb29-adbb423d5f92', '0044596143', 'Divvan Brilliant Prawira', 'divvan-brilliant-prawira', 'laki-laki', '2004-01-16', 'Teguh Andoyo', 'Retno Fridawati', '081253131950', '-', '-', 'luar-kota', 0),
('61df689c-1939-4a8e-a441-2a2f4bfa46c9', '0068471675', 'Luna Fatih Astrina', 'luna-fatih-astrina', 'perempuan', '2006-07-28', 'Sudarman', 'Asmala Dewi', '085259742107', '-', '-', 'luar-kota', 0),
('61fae71e-edcb-4178-8d78-b1e68eff3e6d', '0047638580', 'Muhammad Afif Iza Mukhta Rengganis', 'muhammad-afif-iza-mukhta-rengganis', 'laki-laki', '2004-12-01', 'Slamet', 'Eny Purnawati', '085349186369', '-', '-', 'luar-kota', 0),
('635d41de-73fb-46fb-b6cb-ddc7b51cccfd', '0042159651', 'Miranti Safina Tunnajah', 'miranti-safina-tunnajah', 'perempuan', '2004-08-28', 'Gunawan wibisono', 'Emma aryani', '089690780477', '-', '-', 'luar-kota', 0),
('63c503f0-9e79-4657-80a5-82f5d13565b9', '0049477045', 'Muhammad Amin Assyidiqi', 'muhammad-amin-assyidiqi', 'laki-laki', '2004-05-03', 'Salim Haryadi', 'Nurhadiyanti', '083140251375', '-', '-', 'luar-kota', 0),
('6405888f-782e-4b99-8e15-dbd8a418df6c', '0058467521', 'Defita Sari Wulandari', 'defita-sari-wulandari', 'perempuan', '2005-11-06', 'Sardi', 'Karminah', '082351364603', '-', '-', 'dalam-kota', 0),
('6509d8e5-f34c-4785-8c4e-c46fca3fd063', '0035891020', 'Nirmahalya Eisperanza Firdanaim', 'nirmahalya-eisperanza-firdanaim', 'perempuan', '2003-10-18', 'Juri Abdullah', 'Wahyu Sulis Yaningrum', '085754755272', '-', '-', 'dalam-kota', 0),
('657a7d70-bd1d-458c-96e5-23c58ed3efd5', '0045978952', 'Aji Prawira Yumar', 'aji-prawira-yumar', 'laki-laki', '2004-12-12', 'Sumarsono', 'Yuliana', '082256772749', '-', '-', 'luar-kota', 0),
('65ee9679-82e0-44f3-ae3d-f295f0699538', '0056562302', 'Moch. Noor Yuda Pratama', 'moch-noor-yuda-pratama', 'laki-laki', '2005-11-23', 'Moch Shokheh', 'Cholifah Uk', '081349044545', '-', '-', 'komplek', 0),
('65ef2165-1adf-41c5-9f4b-de61c43c6209', '0068281755', 'Ahmad Rusdi', 'ahmad-rusdi', 'laki-laki', '2006-05-29', 'Hasan Supendi', 'Siti Saroh', '082281086540', '-', '-', 'luar-kota', 0),
('665b4a78-df32-473e-9886-aabd696e1917', '0052935444', 'Rafa Hasna Aurelia', 'rafa-hasna-aurelia', 'perempuan', '2005-04-18', 'Hadi Surya', 'Nur Endah Purwandini', '082115826968', '-', '-', 'dalam-kota', 0),
('66cd3d96-44d6-447c-a51b-152de9bee855', '0042975874', 'Dhita Putri Syalsalbilla', 'dhita-putri-syalsalbilla', 'perempuan', '2004-09-10', 'Miswanto', 'Rusnah Ramlah', '083153997041', '-', '-', 'komplek', 0),
('6728f196-1337-41d6-9097-d2b35d4bb0b0', '0063473298', 'Amanda Syafrina Aulia', 'amanda-syafrina-aulia', 'perempuan', '2006-05-29', 'Syamsul', 'Khairina Azmy', '081346549585', '-', '-', 'luar-kota', 0),
('681e53f4-33f2-49a9-b60e-ac68305cd637', '0064081609', 'May Zahra Fadhilah', 'may-zahra-fadhilah', 'perempuan', '2006-05-21', 'Suprapto', 'Siti Fadhilah', '089510835468', '-', '-', 'dalam-kota', 0),
('6a8d07a6-b545-4de5-9d75-dcfb56e1efd4', '0062079303', 'Najira Nur Khatsir', 'najira-nur-khatsir', 'perempuan', '2006-03-13', 'Nur Adhan', 'Damaris Sarinni', '081257086670', '-', '-', 'luar-kota', 0),
('6ae8d46c-aca9-4943-a123-803eb80a3cf1', '0045166484', 'Yuri Kasih Amalia Nur Aisyah', 'yuri-kasih-amalia-nur-aisyah', 'perempuan', '2004-03-03', 'Muhammad hamdan', 'Annisa', '082350155819', '-', '-', 'luar-kota', 0),
('6cf3f9cf-7116-416e-988b-2d7f457124e0', '0056385341', 'Annisa Karina Rahmadani', 'annisa-karina-rahmadani', 'perempuan', '2005-10-28', 'Andik Lun Susanto', 'Eni Hidayati', '081350035019', '-', '-', 'luar-kota', 0),
('6e2aafa4-b98b-4eb6-816d-f1bed8029281', '0040372837', 'Yumiko Adelin', 'yumiko-adelin', 'perempuan', '2004-07-10', 'Asep dedy cahyadi', 'Yulia sugiarti', '082358096054', '-', '-', 'luar-kota', 0),
('6f057a1a-c8cc-45fb-95f1-92ee6eb29e77', '0041371605', 'Fi Janatin Aliyah', 'fi-janatin-aliyah', 'perempuan', '2004-12-01', 'Wadi widayat', 'Yati minati', '083138472583', '-', '-', 'dalam-kota', 0),
('6fe1e089-1a87-4a5d-bada-f89771a9e32d', '0065410318', 'Nadira Qisha Adelia', 'nadira-qisha-adelia', 'perempuan', '2006-04-13', 'Saiful Bahri', 'Nur Fauziah', '081252771201', '-', '-', 'luar-kota', 0),
('707462ad-d5c8-497f-808f-a4b5d4b6f8c2', '0040836180', 'Hafid Dias Wardani', 'hafid-dias-wardani', 'laki-laki', '2004-06-28', 'Budi wiranto', 'Siti hasnah', '085386535965', '-', '-', 'luar-kota', 0),
('720c37e7-97a3-46c9-98e4-c2107296e7d1', '0052125904', 'Ageng Silmi Pinasti', 'ageng-silmi-pinasti', 'perempuan', '2005-03-21', 'Sunardi', 'Nor Lailawati', '089517994137', '-', '-', 'dalam-kota', 0),
('72624ea6-51c3-4559-b1d2-0a8c62762a10', '0041838750', 'Anatasya Rhenata', 'anatasya-rhenata', 'perempuan', '2004-09-13', 'Mariman', 'Sri Rahayu', '082321918051', '-', '-', 'komplek', 0),
('729a9fb8-2277-4212-8d14-14a99f9d630c', '0044972325', 'Nisa Mahmuda', 'nisa-mahmuda', 'perempuan', '2004-10-26', 'Maskuri', 'Sunarmi', '082155897726', '-', '-', 'luar-kota', 0),
('72f0c351-e5b3-4390-90df-a0de16d7c7cf', '0043490646', 'Nurhasan Hidayah', 'nurhasan-hidayah', 'laki-laki', '2004-01-26', 'Wadi Widayat', 'Nur Asyiyah', '085654172395', '-', '-', 'dalam-kota', 0),
('733287f1-c8d8-40f0-ada6-c14ece434861', '0055532237', 'Hanifa Ulul Azmi', 'hanifa-ulul-azmi', 'perempuan', '2005-06-26', 'Muchsinun', 'Musrifah', '082296020270', '-', '-', 'dalam-kota', 0),
('7415e710-daea-43ea-bf97-dcdec123d2ea', '0057353147', 'Alisya Duri Azizah', 'alisya-duri-azizah', 'perempuan', '2005-06-11', 'Munhamir Al Firdaus', 'Rikhatul Jannah', '085393379642', '-', '-', 'dalam-kota', 0),
('75402884-e428-42a6-b36d-05aa06c46fed', '0062375585', 'Nabyl Ubaydah', 'nabyl-ubaydah', 'laki-laki', '2006-04-27', 'Wagimun', 'Dwi Nuryani', '081352571690', '-', '-', 'luar-kota', 0),
('75af4997-a448-4953-acbf-12e571aac2ee', '0040853943', 'Rheina Deavina Olivia', 'rheina-deavina-olivia', 'perempuan', '2004-06-06', 'Ali Sadikin', 'Imraatus Sholihat', '082290873764', '-', '-', 'luar-kota', 0),
('75e1c802-379b-4b38-87c5-436e6077fb5e', '0062607342', 'Rikha Aulia Azzakiah', 'rikha-aulia-azzakiah', 'perempuan', '2006-03-12', 'Edi Purwanto', 'Lisma Nurhidayah', '748694527', '-', '-', 'komplek', 0),
('75ef670d-5772-40dd-ab8a-1de475d68b69', '0059113772', 'Muhammad Wahyu Hidayattullah', 'muhammad-wahyu-hidayattullah', 'laki-laki', '2005-11-19', 'Agus Joko Waluyo', 'Siti Qomariah', '085754469950', '-', '-', 'komplek', 0),
('7624688d-e600-4430-bcbc-d31e9155fb4b', '0061280259', 'Muhammad Zakki Sebastian Lutfi', 'muhammad-zakki-sebastian-lutfi', 'laki-laki', '2006-03-09', 'Dasirin', 'Painaturohmah', '081253382384', '-', '-', 'komplek', 0),
('7651e8a7-e47d-481e-994a-522207f99a74', '0035303156', 'Sofie Aulia Az-Zahrah', 'sofie-aulia-az-zahrah', 'perempuan', '2003-12-09', 'Bambang Harsono', 'Eny Sukiyati', '0831552668103', '-', '-', 'luar-kota', 0),
('7678f1a3-eec2-4b5e-9401-c3dad4868b80', '0066048679', 'Ahya Sunan Al Afif', 'ahya-sunan-al-afif', 'laki-laki', '2006-01-16', 'Abdul Malik', 'Khuriyah', '085246902534', '-', '-', 'komplek', 0),
('76c75d55-94cd-4921-aec3-3546db71490a', '0062291849', 'Herlinda Ariati', 'herlinda-ariati', 'perempuan', '2006-11-01', 'Hermanto', 'Astriningsih', '081253526882', '-', '-', 'dalam-kota', 0),
('77a71081-10db-4b3c-93a8-773999283d0c', '0050532170', 'Firna Nahwa Firdausi', 'firna-nahwa-firdausi', 'perempuan', '2005-01-26', 'M. Wafdullah', 'Silmi asih', '0887435820008', '-', '-', 'dalam-kota', 0),
('77c68dd0-45a0-427d-bc3d-f382e228bc2e', '0066763973', 'Tibet Radjashaaba', 'tibet-radjashaaba', 'laki-laki', '2006-01-08', 'Totok Suprayitno', 'Hartati', '082154563577', '-', '-', 'dalam-kota', 0),
('7a460c1f-4434-494c-8cd1-f16bb28827fc', '0037529017', 'Kalma Almira', 'kalma-almira', 'perempuan', '2003-08-03', 'Subur muadi', 'Surtini', '085705170876', '-', '-', 'dalam-kota', 0),
('7a8007a7-650e-435f-849a-b951b957a3a5', '0046672677', 'Salma Nadia Hadis', 'salma-nadia-hadis', 'perempuan', '2004-12-22', 'Nur Hadis', 'Sri Hariningrum S', '085246206994', '-', '-', 'dalam-kota', 0),
('7b67259f-1dd3-4ec3-8081-0aebfb724b2a', '0045018910', 'Annisa\'ul Mufidah', 'annisaul-mufidah', 'perempuan', '2004-06-16', 'Abdul Rochim', 'Yeni Marsini', '085246242449', '-', '-', 'luar-kota', 0),
('7c29139a-f81c-4c63-bd6f-d446cd643c4e', '0040471681', 'Linta Aprilia Abdila Faza', 'linta-aprilia-abdila-faza', 'perempuan', '2004-04-13', 'Abas', 'Ewi Widyawati', '085252321197', '-', '-', 'dalam-kota', 0),
('7cbe6dfa-d31c-4aa2-8cec-cf75a21ac625', '0054454560', 'Reyza Abror Al Hafidh', 'reyza-abror-al-hafidh', 'laki-laki', '2005-08-30', 'Juwari', 'Nurul Hayati', '081256579907', '-', '-', 'komplek', 0),
('7cc8f0b8-bc69-44e7-a7d0-aa0cef14d8a8', '0068390893', 'Rangga Galih Saputra', 'rangga-galih-saputra', 'laki-laki', '2006-03-01', 'Pudji Kurniadi', 'Sulikah', '081347003492', '-', '-', 'dalam-kota', 0),
('7f6b5d94-8532-42dc-9249-13ed09d9a484', '0064585019', 'Nasya Aurellia Putri Mantoro', 'nasya-aurellia-putri-mantoro', 'perempuan', '2006-03-08', 'Budimantoro', 'Idawati', '082352009301', '-', '-', 'luar-kota', 0),
('8078c303-160c-4f29-8891-4cf6a35aa60f', '0053482490', 'Wellya Faqih Maharilmi', 'wellya-faqih-maharilmi', 'laki-laki', '2005-05-25', '-', 'Miniawati', '082323555126', '-', '-', 'luar-kota', 0),
('816a71c1-67c8-4248-a030-eb12e0afffde', '0046675490', 'Hilyatul Husna', 'hilyatul-husna', 'perempuan', '2004-11-08', 'Mohammad Syaiffuddin', 'Fitri', '081347015883', '-', '-', 'komplek', 0),
('8291b93a-59f3-4955-b256-a00f0d58b4b2', '0065302424', 'Revi Amandania Ariyanto', 'revi-amandania-ariyanto', 'perempuan', '2006-02-21', 'Ariyanto', 'Dewi Kurniawati', '083140959448', '-', '-', 'komplek', 0),
('862060fc-b39d-4795-9a84-339e1de73689', '0037033709', 'Nur Safitri', 'nur-safitri', 'perempuan', '2003-02-02', 'Lala', 'Badariah', '085754483714', '-', '-', 'komplek', 0),
('86267a1f-bfbe-4b3e-8d79-f953f85aef40', '0035833635', 'Kana Early Khansa', 'kana-early-khansa', 'laki-laki', '2003-11-13', 'Katwadi, a.md', 'Setyani purwaningsih', '081226203657', '-', '-', 'dalam-kota', 0),
('87f0b41e-5f57-4ff3-b2d2-f33f58066093', '0052426449', 'Melisa Salsabilah', 'melisa-salsabilah', 'perempuan', '2005-05-10', 'Syahruddin', 'Bahrah', '085750673616', '-', '-', 'dalam-kota', 0),
('8bc3914c-2f48-424e-b442-d7defa8f908e', '3055953587', 'Alvin Ahmad Kurniawan', 'alvin-ahmad-kurniawan', 'laki-laki', '2005-11-06', 'Hamma', 'Cahaya', '081545725536', '-', '-', 'dalam-kota', 0),
('8dd56ddd-dd49-4c78-86ad-b311d708e7a3', '0063063024', 'Kayis Abdul Aziz', 'kayis-abdul-aziz', 'laki-laki', '2006-11-01', 'Bambang Riyanto', 'Tutik Handayani', '081347002645', '-', '-', 'luar-kota', 0),
('8df9d63d-0376-47f1-b819-ae14da60ffed', '0051055145', 'Dini Nur Abida Aulia', 'dini-nur-abida-aulia', 'perempuan', '2005-03-18', 'H. Sugito Se', 'Siti Khoiriyah', '08125468456', '-', '-', 'dalam-kota', 0),
('8e57cbeb-15b2-43e8-b15d-513aa0285f99', '0053315629', 'Alif Gibran Sidiq', 'alif-gibran-sidiq', 'laki-laki', '2005-11-06', 'Ridwan', 'Hasnianti', '082159736797', '-', '-', 'dalam-kota', 0),
('8f427b0e-70f1-4a51-8a9a-090a14add47f', '0048745341', 'Devin Raditya Firdaus', 'devin-raditya-firdaus', 'laki-laki', '2004-09-26', 'Wildan Taufik', 'Enny Rahmawaty Suwito', '082121634444', '-', '-', 'komplek', 0),
('9021c800-5f53-491a-b202-f156842a0557', '0053299208', 'Fahim Nur Amalia', 'fahim-nur-amalia', 'perempuan', '2005-06-15', 'Nur Kholis', 'Ani', '081345079313', '-', '-', 'komplek', 0),
('9050c413-7cf1-4b2b-9e57-86663932c4d3', '0056522585', 'Lu\'lu\'im Masfufah', 'luluim-masfufah', 'perempuan', '2005-11-07', 'Nurdin', 'Zuliana', '08224622687', '-', '-', 'dalam-kota', 0),
('905f0b9e-c721-4ad7-b3ac-e5a38df6d475', '0031065766', 'Gandis Virgianti Novitarani', 'gandis-virgianti-novitarani', 'perempuan', '2003-11-01', 'Fatoni', 'Umi masruroh', '085294785528', '-', '-', 'luar-kota', 0),
('909d158c-86aa-44d1-af39-09b874caaf1b', '0076973019', 'Tosy Bima Asadulloh Mustofa', 'tosy-bima-asadulloh-mustofa', 'laki-laki', '2007-01-27', 'Agus Mustofa', 'Dwi Sita Pangalila', '085250051045', '-', '-', 'dalam-kota', 0),
('9302e637-f0ad-495d-ae8d-d09fba688ca6', '0036711955', 'Fathul Mubin Fadhlillah', 'fathul-mubin-fadhlillah', 'laki-laki', '2003-10-08', 'Syahrul Munir', 'Herni Faridah', '085249307018', '-', '-', 'dalam-kota', 0),
('939dda13-6581-49ca-aca5-2d800d88137f', '0055318969', 'Hanif Jibran Novianto', 'hanif-jibran-novianto', 'laki-laki', '2005-11-15', 'Tantowi', 'Khoiriyah', '082131395498', '-', '-', 'luar-kota', 0),
('9506d769-107d-4d93-9acc-f203b540c0de', '0066177028', 'Rizqy One Saputra', 'rizqy-one-saputra', 'laki-laki', '2006-12-07', 'Udi Suprapto', 'Sri Lestari', '085250235900', '-', '-', 'dalam-kota', 0),
('954fd5e8-1120-476f-a308-fda81326d32d', '0052404032', 'Mochamad Ainuddin Mukhlisin', 'mochamad-ainuddin-mukhlisin', 'laki-laki', '2005-12-17', 'Moh. Farid Fauzan', 'Supriati Eka', '081347487472', '-', '-', 'luar-kota', 0),
('95922450-c2d2-46df-b4e4-ba411ab19caa', '0055804776', 'Nayla Putri Ananda', 'nayla-putri-ananda', 'perempuan', '2005-11-23', 'Muhamad Naim', 'Linda Dwi Jana', '081254668622', '-', '-', 'luar-kota', 0),
('962d15bb-be4a-421f-a325-9301ca35f227', '0054543884', 'Alfin Hafidh Annashiri', 'alfin-hafidh-annashiri', 'laki-laki', '2005-04-19', 'Sofan Gunawan', 'Mujiri Lestari', '081347165269', '-', '-', 'luar-kota', 0),
('96a384f2-9ce5-4966-8db6-ec380089a149', '0062444427', 'Najwa Ayudya Chairani ', 'najwa-ayudya-chairani', 'perempuan', '2006-07-22', 'M. Amin', 'Hermawati', '085386520961', '-', '-', 'luar-kota', 0),
('974361a3-084d-4084-8630-95bfa5f939f6', '0047303080', 'Khusen Abdullah', 'khusen-abdullah', 'laki-laki', '2004-12-11', 'Tukimin', 'Partinah', '081247511351', '-', '-', 'komplek', 0),
('97868a11-3ef4-4910-881e-dd491f2914cf', '0053710697', 'Muhammad Hafid Prianto', 'muhammad-hafid-prianto', 'laki-laki', '2005-03-19', 'Purwanto', 'Ryani Astuty Ari', '081347118761', '-', '-', 'luar-kota', 0),
('9789dde6-a7da-4e30-9cc3-ab7660faaa8e', '0042776102', 'Khoirun Iqbal', 'khoirun-iqbal', 'laki-laki', '2004-01-12', 'Sugito', 'Ayu Arinda', '081549767764', '-', '-', 'luar-kota', 0),
('97e9d8de-fcbd-475c-af43-5d81d0ed86ec', '0042018530', 'Adinda Lutfiatul Faridah', 'adinda-lutfiatul-faridah', 'perempuan', '2004-05-11', 'Sukardi', 'Siti Musrifah', '085245429855', '-', '-', 'dalam-kota', 0),
('991a795b-5846-4eac-b659-ffc937f328e2', '0035993769', 'Prayuda Herlambang', 'prayuda-herlambang', 'laki-laki', '2003-12-18', 'Siswanto', 'Puput Ernawati', '089619313060', '-', '-', 'luar-kota', 0),
('9adb4147-d913-4f7d-817d-a6550c065961', '0063783306', 'Salsabilah Atiiqoh Anggraini', 'salsabilah-atiiqoh-anggraini', 'perempuan', '2006-03-22', 'Muhammad Jamal', 'Nurul Hasanah', '085246364710', '-', '-', 'dalam-kota', 0),
('9b05abd0-be46-49b5-9fae-17b9edfcbb97', '0046683930', 'Gunawan Syahputra', 'gunawan-syahputra', 'laki-laki', '2004-11-01', 'Jumarding', 'Romidarwati', '085397506482', '-', '-', 'luar-kota', 0),
('9f098ee6-2942-4820-9e11-3554797722bc', '0057684278', 'Auliya Ratungga', 'auliya-ratungga', 'perempuan', '2005-03-04', 'Hartanto', 'Binti Setia Wijaya', '082254102121', '-', '-', 'komplek', 0),
('a050f5dd-c999-49fe-8bfd-81ef6e0b8f30', '0052642481', 'Nazha Meisya Ananta Al Syakira', 'nazha-meisya-ananta-al-syakira', 'perempuan', '2005-05-10', 'Tukino', 'Maria Ulfa', '082156278979', '-', '-', 'luar-kota', 0),
('a0557985-ef5f-4250-9ac9-6199a7881581', '0065518592', 'Laila Dela Mareta', 'laila-dela-mareta', 'perempuan', '2006-03-08', 'Agus Supriyanto', 'Tarsini', '081347433598', '-', '-', 'dalam-kota', 0),
('a05a4036-fd07-4c34-9b35-e85d81f83f12', '0057080513', 'Muhammad Ridho Baihaki', 'muhammad-ridho-baihaki', 'laki-laki', '2005-08-01', 'Haryanto', 'Rusda', '081273545603', '-', '-', 'luar-kota', 0),
('a253e875-fe95-4a1b-9b12-1b0d99f81bc0', '0068535058', 'Vanessa Aurelia Rasada', 'vanessa-aurelia-rasada', 'perempuan', '2006-03-09', 'Abas', 'Ewi Widyawati', '085252321197', '-', '-', 'dalam-kota', 0),
('a4d27e85-0aef-43bb-9677-74c877a2449a', '0031383948', 'Syalva Fatimah Az-Zahra', 'syalva-fatimah-az-zahra', 'perempuan', '2003-12-01', 'Totok Suprayitno', 'Hartati', '082155206569', '-', '-', 'dalam-kota', 0),
('a5402fc6-fb60-4010-9d28-590afe3a0aaa', '0063013962', 'Ainun Nisa', 'ainun-nisa', 'perempuan', '2006-05-12', 'Hadi Subeno', 'Sri Suyatni', '082149981137', '-', '-', 'luar-kota', 0),
('a6948a05-31be-4404-bd92-34b323e33035', '0043350364', 'Nizard Cakra Manggiling', 'nizard-cakra-manggiling', 'laki-laki', '2004-03-27', 'Wahyudianto', 'Maria Ulfa', '081238556623', '-', '-', 'dalam-kota', 0),
('a6f3c725-37e2-48e9-9920-af9c5cd774b6', '0034928699', 'Ahmat Roychan', 'ahmat-roychan', 'laki-laki', '2003-04-03', 'Kuswoyo', 'Supiani', '0895419769300', '-', '-', 'komplek', 0),
('a75a0d0d-60b9-45f7-8820-fa8ad1616d1b', '0067548912', 'Alya Natasya Aprilia', 'alya-natasya-aprilia', 'perempuan', '2006-04-27', 'Suwarman', 'Sekardiningsih', '085250504153', '-', '-', 'dalam-kota', 0),
('a77513be-3828-4fa4-af3c-9be625ae6898', '0057112969', 'Juan Daffa Dzaki Aldhisa', 'juan-daffa-dzaki-aldhisa', 'laki-laki', '2005-03-16', 'Abdul Salam', 'Dian Hasmayanti', '081158600133', '-', '-', 'luar-kota', 0),
('a7ecb882-260c-4ece-838e-3b44f0122d52', '0045035102', 'Alvito Virgiawan', 'alvito-virgiawan', 'laki-laki', '2004-10-11', 'Tohar', 'Norma Yudhistira', '0813 4635 1821', '-', '-', 'luar-kota', 0),
('a800f0c6-834a-485d-a204-2cdfb6a5076f', '0043614408', 'Amelia Meizy Irela', 'amelia-meizy-irela', 'perempuan', '2004-05-12', 'Irawan', 'Hariyanti', '082336891239', '-', '-', 'dalam-kota', 0),
('a87d471e-9e94-4a89-9ba4-65c6221b3b16', '0044755187', 'Chinta Dhinika Sabilah', 'chinta-dhinika-sabilah', 'perempuan', '2004-11-02', 'H. Sabilah Razak', 'Hj. Dinis Tiwa', '085391123105', '-', '-', 'luar-kota', 0),
('a9f5179e-0424-429a-b1c0-630bb53e1560', '0045238004', 'Abdul Malik', 'abdul-malik', 'laki-laki', '2005-12-31', 'Ngadimin', 'Sri Widayani', '082192897833', '-', '-', 'dalam-kota', 0),
('aae19ece-d73d-4dc5-82e9-007cea01ba43', '0055121180', 'Zaina Divia Ananta', 'zaina-divia-ananta', 'perempuan', '2005-07-14', 'Saipul Bahri', 'Nurjannah', '082251817105', '-', '-', 'luar-kota', 0),
('ade168d3-bda8-40bd-8ee0-bd0c1c772656', '0031666736', 'Riko Danova', 'riko-danova', 'laki-laki', '2003-09-09', 'Rochani', 'Aminah', '082351033172', '-', '-', 'dalam-kota', 0),
('ae0ac28b-5e4d-48bb-a060-ec61b186a5a3', '0056134992', 'Jaka Royana', 'jaka-royana', 'laki-laki', '2005-04-25', 'Suminto Harahap', 'Ikem Nurhikmah', '081347403159', '-', '-', 'dalam-kota', 0),
('aeee026a-06f9-4910-ba8b-d6651c5eb0ff', '0053444094', 'Rintika Sari', 'rintika-sari', 'perempuan', '2005-06-15', 'Munif Hartono', 'Uboina', '08125806768', '-', '-', 'dalam-kota', 0),
('af1d0340-d94a-4867-a4ab-d6d37a377bab', '0067912116', 'Ramadhan Dicky Reza', 'ramadhan-dicky-reza', 'laki-laki', '2006-10-16', 'Paino Wibowo', 'Rowihatut Toyibah', '081258003964', '-', '-', 'luar-kota', 0),
('b000001b-8bab-4633-9096-3675c999c4b1', '0044197734', 'Intan Qhashiroh Ghatwani Aprilia', 'intan-qhashiroh-ghatwani-aprilia', 'perempuan', '2004-04-26', 'Mulyadi zuhud', 'Ririn nurhayati', '081347671948', '-', '-', 'dalam-kota', 0),
('b01e7e38-643a-4155-a345-1b8a1c362c67', '0063848554', 'Rezkiany Fauzia Azima', 'rezkiany-fauzia-azima', 'perempuan', '2006-05-21', 'Dg. Makboja', 'Hamidah', '082250504918', '-', '-', 'luar-kota', 0),
('b0cd6bc7-9bb0-42ce-a451-17ac29a6f2e6', '0037034294', 'Aqradhista Winan Ramadhana', 'aqradhista-winan-ramadhana', 'laki-laki', '2003-11-11', 'Khanan', 'Dwi Winarsih', '081347666684', '-', '-', 'dalam-kota', 0),
('b1109f36-1f1e-496b-92c3-dc1301140e57', '0043496257', 'Muhamad Zaenal Abidin', 'muhamad-zaenal-abidin', 'laki-laki', '2004-03-23', 'Umar Bakri', 'Khomsatin', '082218074795', '-', '-', 'luar-kota', 0),
('b2842975-938e-48c6-b742-a52a9300292f', '0035615881', 'Muhammad Ikram', 'muhammad-ikram', 'laki-laki', '2003-12-29', 'Lubba', 'Halimah', '089531275070 ', '-', '-', 'luar-kota', 0),
('b2e9d2b9-8147-44d4-8f1e-ae71f148397b', '0065832259', 'Indah Melati', 'indah-melati', 'perempuan', '2006-01-05', 'Suyatno Arridho', 'Suginah', '081225872895', '-', '-', 'dalam-kota', 0),
('b45a520d-4fef-45a7-b087-284f9fdf906b', '0051693306', 'Asbighu Fadilla Dienhaqq', 'asbighu-fadilla-dienhaqq', 'laki-laki', '2005-07-28', 'Hadi Sucipto', 'Niswati', '082332925475', '-', '-', 'luar-kota', 0),
('b5159a73-f0e8-4aeb-9461-d3658f95c030', '0055792001', 'Syifa Zahra Aulia', 'syifa-zahra-aulia', 'perempuan', '2005-10-10', 'Kuswoyo', 'Supiani', '085248382770', '-', '-', 'komplek', 0),
('b55f5f2f-81b2-4d13-b650-d8e80627ec8e', '0034045267', 'Izzan Muhammad Rifky', 'izzan-muhammad-rifky', 'laki-laki', '2003-12-04', 'Pujo Cahyono', 'Siti Jariah', '08112959354', '-', '-', 'luar-kota', 0),
('b5d39fd2-a0e2-4ad9-b3ee-3299f63fbe3e', '0068960128', 'Muhammad Royan Touhuri', 'muhammad-royan-touhuri', 'laki-laki', '2006-03-13', 'Sugianto', 'Yanti', '081545727476', '-', '-', 'dalam-kota', 0),
('b5d711ef-7c18-427d-8267-5e51b616cdde', '0048552768', 'Irpan Yudoyono', 'irpan-yudoyono', 'laki-laki', '2004-10-12', 'Mujiono', 'Musticah', '08995513347', '-', '-', 'dalam-kota', 0),
('b6214b7b-bf0f-4acb-a823-7daa12598c40', '0066598149', 'Azka Ni Sabillah', 'azka-ni-sabillah', 'perempuan', '2006-06-03', 'Suroso', 'Atin Purweni', '082155203812', '-', '-', 'luar-kota', 0),
('b71068d8-0ecb-4160-9868-9bfe355159d8', '0052618910', 'Fazni Datullaila Muzzaki', 'fazni-datullaila-muzzaki', 'perempuan', '2005-12-09', 'Warsono', 'Wahida Arsyad', '081347243354', '-', '-', 'luar-kota', 0),
('b81aad4a-b0d3-482f-9f52-aa28aef781ca', '0061748081', 'Tiara Dwi Cahyani', 'tiara-dwi-cahyani', 'perempuan', '2006-08-09', 'Sriyanto', 'Soimah', '081253289184', '-', '-', 'dalam-kota', 0),
('b8b54c6f-1e48-4144-931b-031a22149cfa', '0055540953', 'Sukmawati Ningrum Harsono', 'sukmawati-ningrum-harsono', 'perempuan', '2005-07-11', 'Ngatman Harsono', 'Suwarmiati', '085756515710', '-', '-', 'luar-kota', 0),
('b91747da-6233-4bee-9139-69ac4e037d5b', '0055874423', 'Bintang Nur Hasanah', 'bintang-nur-hasanah', 'perempuan', '2005-04-25', 'Muflikun', 'Daniroh', '082330601469', '-', '-', 'luar-kota', 0),
('b978d430-3083-4b5a-ba56-178f0e4fe49b', '0061957576', 'Ani Nurtika Sari', 'ani-nurtika-sari', 'perempuan', '2006-07-01', 'Sumarsono', 'Rusmi', '081351522264', '-', '-', 'dalam-kota', 0),
('ba02f179-8f85-4d5d-82b0-bcd3bb6d702c', '0043350400', 'Tezra Agustina Putri', 'tezra-agustina-putri', 'perempuan', '2004-08-16', 'Suyitno', 'Rina Hastutik', '083140468264', '-', '-', 'dalam-kota', 0),
('ba15fe46-b4e3-4ffd-8da9-6e0d8657292d', '0058603636', 'Rahma Nanda Puspita', 'rahma-nanda-puspita', 'perempuan', '2004-12-05', 'Andi Nugroho', 'Anita', '08115849585', '-', '-', 'luar-kota', 0),
('bb1ce2b8-6d99-4e32-98a9-fe58fe74ce70', '0037034298', 'Yasmin Nur Aida', 'yasmin-nur-aida', 'perempuan', '2003-11-29', 'Subando', 'Harmini', '085251587191', '-', '-', 'luar-kota', 0),
('bb30c2be-81bd-46f8-a25f-b0cc143b875f', '0042017917', 'Revalina Dwi Nurhayati', 'revalina-dwi-nurhayati', 'perempuan', '2004-07-10', 'Partono', 'Marlina', '081350112629', '-', '-', 'dalam-kota', 0),
('bc01eb13-144f-4b7b-a49a-c9322429e816', '0062577548', 'Amar Musthofainal Achyar', 'amar-musthofainal-achyar', 'laki-laki', '2006-02-16', 'H. Sumardi, Se', 'Uchti Nur Umama', '082148248945', '-', '-', 'dalam-kota', 0),
('bc0b4f7f-6fa3-4822-8675-1f0a15904af6', '0069547573', 'Tri Wulandari', 'tri-wulandari', 'perempuan', '2006-07-01', 'I Wayan Suarjaya', 'Kaminem', '089690366374', '-', '-', 'luar-kota', 0),
('bd060740-dad3-469a-8a73-121ccde1e1c7', '0043496261', 'Kevin Firmansah', 'kevin-firmansah', 'laki-laki', '2004-07-06', 'Thoyib', 'Binti Sholikhah', '085346903821', '-', '-', 'luar-kota', 0),
('be92621c-4835-4345-8387-962ec6a19dd1', '0049382777', 'Aril', 'aril', 'laki-laki', '2005-07-18', 'La Lidi', 'Wa Sayani', '085250744571', '-', '-', 'dalam-kota', 0),
('be99a7f2-0219-4cbf-8e9b-125c4ecc57d0', '0043495707', 'Rindiani Dwi Saputri', 'rindiani-dwi-saputri', 'perempuan', '2004-03-19', 'Chalimin', 'Siti Rofiqoh', '085248794316', '-', '-', 'luar-kota', 0),
('c073f082-2bb3-4ef1-9f4b-6174af93bc3b', '0047618543', 'Shine Alif', 'shine-alif', 'perempuan', '2004-09-16', 'Hermanto', 'Astriningsih', '083141215724', '-', '-', 'dalam-kota', 0),
('c08acc6b-357d-4ce5-9bd8-5700ad510829', '0056923514', 'Bolqia Fatiha Achmad', 'bolqia-fatiha-achmad', 'perempuan', '2005-05-05', 'Hery Yuliansyah', 'Rina Hartati', '082256306525', '-', '-', 'luar-kota', 0),
('c11eb268-5b5a-4ae2-9b6e-85d80741f3ff', '3052269378', 'Rafidha Nirwana Bilqist Azzakhra', 'rafidha-nirwana-bilqist-azzakhra', 'perempuan', '2005-06-03', 'Muhammad Nur', 'Kartini', '08125477712', '-', '-', 'luar-kota', 0),
('c1cc391d-331f-4e0d-878d-5e8d578b22c4', '0036078797', 'Fergiawan Surya Pratama', 'fergiawan-surya-pratama', 'laki-laki', '2003-09-25', 'Tugiyarso', 'Harti Daniati', '081245837606', '-', '-', 'luar-kota', 0),
('c26ab248-36d6-40e8-80a2-90740f142689', '0035634221', 'Anesya Mahera Sari', 'anesya-mahera-sari', 'perempuan', '2003-08-13', 'Arifin', 'Rumiyati', '0895359635171', '-', '-', 'luar-kota', 0),
('c27a0991-92a0-4f91-aa50-3a12aa30c4ff', '0078155918', 'Khifdzia Ad\'ha Refida Putri', 'khifdzia-adha-refida-putri', 'perempuan', '2007-01-02', 'Asmono', 'Rohmatun', '083125692913', '-', '-', 'luar-kota', 0),
('c4bd3742-3b82-4a41-b33e-4d457a858b36', '0041884381', 'Muhammad Rofiq Hariri', 'muhammad-rofiq-hariri', 'laki-laki', '2004-12-13', 'Muhtar', 'Rubiati', '081347201426', '-', '-', 'dalam-kota', 0);
INSERT INTO `siswa` (`id_siswa`, `nisn`, `nama_siswa`, `slug_siswa`, `jenis_kelamin`, `tanggal_lahir`, `nama_ayah`, `nama_ibu`, `nomor_orang_tua`, `asal_kelompok`, `asal_wilayah`, `wilayah`, `status_delete`) VALUES
('c6e56070-8d52-4ad1-aa25-05593f32f86f', '0037034289', 'Kezya Zirly Salsabilla', 'kezya-zirly-salsabilla', 'perempuan', '2003-10-20', 'Dodit kusnianto', 'Marufah', '081243062187', '-', '-', 'dalam-kota', 0),
('c7580a89-9494-4cef-a07b-f2e95e074a34', '0059356881', 'Hardini Dwike Aprilia', 'hardini-dwike-aprilia', 'perempuan', '2005-04-14', 'Ali Zaini', 'Nurul Laili', '085349347311', '-', '-', 'dalam-kota', 0),
('c7749fe5-747e-4afb-b1a0-3ddb249cd16f', '0054956408', 'Fathul Aris Nurmanto', 'fathul-aris-nurmanto', 'laki-laki', '2005-10-01', 'Supadi Nurmanto', 'Siti Khotijah', '085332755823', '-', '-', 'dalam-kota', 0),
('c931410f-ce55-4976-acd2-accad11202ce', '0069330686', 'Dihani Royhana Hajar', 'dihani-royhana-hajar', 'perempuan', '2006-12-17', 'Sumarah', 'Yuni Endang Kusmiati', '081328800446', '-', '-', 'komplek', 0),
('ca1a7757-daa0-40ea-9923-7ebc0bee87e1', '0067318479', 'Yogi Umar', 'yogi-umar', 'laki-laki', '2006-05-12', 'Sunariadi', 'Sri Endah Sulastri', '081254070585', '-', '-', 'luar-kota', 0),
('cc3b5b7b-fd01-4fb3-adea-d9d91e6adda8', '0053299203', 'Muhammad Diva Aulia Hadi', 'muhammad-diva-aulia-hadi', 'laki-laki', '2005-05-30', 'Ellvi Avianto Hadi', 'Yayuk P', '081346596629', '-', '-', 'komplek', 0),
('ccbfb6e3-7628-4824-aaa6-dcb66f797071', '0067021055', 'Alfie Na\'imatul C.A', 'alfie-naimatul-ca', 'perempuan', '2006-05-17', 'Moch. Somad', 'Era Fitriani', '085349446074', '-', '-', 'dalam-kota', 0),
('cd6261a1-dd9f-43e5-b11b-f52a5489beff', '0045930058', 'Saiziah Azza Agustina', 'saiziah-azza-agustina', 'perempuan', '2004-08-15', 'Saiful Bahri', 'Nur Fauziah', '081350755705', '-', '-', 'luar-kota', 0),
('cea4ca46-00b5-4778-ac38-afff14861911', '0035135489', 'Zaka Fadlola Qurba Toibin Sudibyo', 'zaka-fadlola-qurba-toibin-sudibyo', 'laki-laki', '2003-09-14', 'Mochammad Toibin', 'Nisfatul Zulaikah', '082155480141', '-', '-', 'luar-kota', 0),
('ced65dae-347f-46a2-b7aa-f6cba4f6f99c', '0063339783', 'Indah Seftiyani', 'indah-seftiyani', 'perempuan', '2006-09-16', 'Rahmat', 'Yayuk Sulistiana', '085386630260', '-', '-', 'komplek', 0),
('d0832fcb-1013-482c-be5b-03a8b19ed3bb', '0057410572', 'Ahmad Sandy Noor', 'ahmad-sandy-noor', 'laki-laki', '2005-05-24', 'Mujib Abdillah', 'Siti Masfufah', '081347157845', '-', '-', 'dalam-kota', 0),
('d0e6d98e-934f-486e-9b7e-96545f9a6240', '0028292015', 'Afifa Sabila Rohmah', 'afifa-sabila-rohmah', 'perempuan', '2004-02-02', 'Teguh Mulato', 'Ria Suzanawati', '089689315830', '-', '-', 'luar-kota', 0),
('d1f07de8-214d-46dd-8e6c-731330f017fb', '0057592510', 'Hasbi Allohu Nur Rohmat Jaya', 'hasbi-allohu-nur-rohmat-jaya', 'laki-laki', '2005-11-07', 'Ramelan', 'Dewi Nurumayah', '082150657405', '-', '-', 'luar-kota', 0),
('d241e80a-d965-43cc-89c6-afa6b36d86a9', '0062228028', 'Alfian Aris Habibullah', 'alfian-aris-habibullah', 'laki-laki', '2006-05-24', 'Ardi Nur Ichsan', 'Mis Sudarti', '081346462518', '-', '-', 'dalam-kota', 0),
('d2688ca9-60e3-4550-bad7-b7990ba1f1d4', '0055438553', 'Muhammad Abdul Dhohir', 'muhammad-abdul-dhohir', 'laki-laki', '2005-01-13', 'Arbani', 'Eny Pujiastuti', '081347851843', '-', '-', 'luar-kota', 0),
('d269dc59-7033-4a3a-8ed6-3c5cada33f8f', '0042214580', 'Muhammad Hasan', 'muhammad-hasan', 'laki-laki', '2004-05-04', 'Suyardi', 'Sarti', '082352020983', '-', '-', 'luar-kota', 0),
('d2ebdd15-5abc-4685-9ad2-cfc27cc277f3', '0049458925', 'Saddam Sakti \'Ammaar Hakim', 'saddam-sakti-ammaar-hakim', 'laki-laki', '2003-12-16', 'Zulfikar Ali Said', 'Sawiningtyas', '085858013145', '-', '-', 'dalam-kota', 0),
('d3093d2e-cff2-428c-b0b3-7b12507b9eea', '0039804606', 'Ryan Sholihan', 'ryan-sholihan', 'laki-laki', '2003-08-09', 'Udjang Unaeni', 'Yati Nurhayati', '085761856378', '-', '-', 'dalam-kota', 0),
('d30d21db-ef33-4be4-a76d-591790e4f088', '0044755183', 'Rosliana Adira Okta', 'rosliana-adira-okta', 'perempuan', '2004-10-13', 'Basuki', 'Indra Vialiana', '082352254442', '-', '-', 'luar-kota', 0),
('d359e861-69e9-42c2-855e-bade363fec81', '0051439255', 'Deswita Salsabila', 'deswita-salsabila', 'perempuan', '2005-07-31', 'Nur Waskito', 'Ranti Wijayanti', '081328391081', '-', '-', 'dalam-kota', 0),
('d37d5283-e838-499f-af98-cba1bbbb0628', '0054621970', 'Pricillia Tsalatsa Amanda', 'pricillia-tsalatsa-amanda', 'perempuan', '2005-06-05', 'Suryana', 'Pipi Purnamawati', '082155214619', '-', '-', 'luar-kota', 0),
('d4395ecf-f889-4cb5-9651-1ddd7c6625f8', '0066632959', 'Muhammad Anas', 'muhammad-anas', 'laki-laki', '2006-05-07', 'Rusman', 'Kamaria', '081251769538', '-', '-', 'dalam-kota', 0),
('d4da7a13-9d3a-4f8d-ae9e-17672f617e3c', '0052370939', 'Tiara Saputri', 'tiara-saputri', 'perempuan', '2005-02-12', 'Dony', 'Rosdiana', '082346445354', '-', '-', 'luar-kota', 0),
('d6239e9a-f01c-4825-95c4-6655b30a204e', '0041838732', 'Laily Noor Ardana', 'laily-noor-ardana', 'perempuan', '2004-02-13', 'Aris Sukimin', 'Siti Aminah', '089530320119', '-', '-', 'dalam-kota', 0),
('d84e334a-fa3a-4d14-9a8b-2056cfb3dac0', '0046239059', 'Muhammad Lutfi Nur Latif', 'muhammad-lutfi-nur-latif', 'laki-laki', '2004-12-17', 'Nurrohim', 'Dwi Wulandari', '081347278924', '-', '-', 'dalam-kota', 0),
('d871ce11-7ccf-4c6e-91ee-b844148a7be9', '0064518451', 'Dara Rahma Callista', 'dara-rahma-callista', 'perempuan', '2006-03-18', 'Wildan Taufik', 'Enny Rahmawaty Soewito', '082121634444', '-', '-', 'komplek', 0),
('da1cbe97-7fe3-4d63-9f20-11d68cef3914', '0065497319', 'Muhammad Nazidan Harikusuma', 'muhammad-nazidan-harikusuma', 'laki-laki', '2006-04-13', 'Hari Budiyanto', 'Ririn Kusumaningrum', '08125339294', '-', '-', 'luar-kota', 0),
('dc0f2bc2-db9c-4331-b502-7b430bcf3d71', '0043040755', 'Amanda Riska Trisnawati', 'amanda-riska-trisnawati', 'perempuan', '2004-01-19', 'Joko Sutrisno', 'Yunaeti', '081235527404', '-', '-', 'komplek', 0),
('dc735d31-a96e-434f-831f-5257e1b9314b', '0042608165', 'Muhammad Al Fatih', 'muhammad-al-fatih', 'laki-laki', '2003-04-20', 'Wagimun', 'Dwi nuryani', '083140379082', '-', '-', 'luar-kota', 0),
('dcc41c2b-40e8-42f6-ac37-cbf3479815a6', '0051470754', 'Ghulam Maulana Az Zakkiy', 'ghulam-maulana-az-zakkiy', 'laki-laki', '2005-07-27', 'Teguh Santoso', 'Choirul Nastain', '085246023505', '-', '-', 'komplek', 0),
('dd8e60a9-b0d9-4b5c-9155-c13570aebd85', '0059473559', 'Muhammad Zaky Luthfi Johar Al Karim', 'muhammad-zaky-luthfi-johar-al-karim', 'laki-laki', '2005-11-27', 'Muhammad Hamdan', 'Anisa', '081250389125', '-', '-', 'luar-kota', 0),
('de31eca9-c218-4fa7-9d4a-7ab8bb6df4b8', '0044070824', 'Cahya Awalia Indriani', 'cahya-awalia-indriani', 'perempuan', '2004-04-19', 'Sriyanto', 'Soimah', '081253289184', '-', '-', 'dalam-kota', 0),
('e023f0e4-470e-48c7-b1e2-7d29b881dbe7', '0051599292', 'Muhamad Nur', 'muhamad-nur', 'laki-laki', '2005-04-11', 'Awang Aspiran', 'Lela Darma', '081347228482', '-', '-', 'dalam-kota', 0),
('e13dfccc-fa67-4e6f-9b7a-4d9cbb3812b2', '0051710097', 'Erika Adra Sapphira Zulfa', 'erika-adra-sapphira-zulfa', 'perempuan', '2005-08-07', 'Kabul Suprayitno', 'Harti Cosrini', '0811545794', '-', '-', 'luar-kota', 0),
('e2e125be-7e21-42ef-b935-a49f3e88f1ce', '0052315701', 'Hadid Syaifian', 'hadid-syaifian', 'laki-laki', '2005-07-24', 'Satimin', 'Siti Rusdiana', '085250872866', '-', '-', 'luar-kota', 0),
('e4053fdf-7d19-4564-8f79-4e8da1e38252', '0043715136', 'Ratu Bunga Rachmalia Saputri', 'ratu-bunga-rachmalia-saputri', 'perempuan', '2004-02-20', 'Moch. Ichsan saputra', 'Nanik kustia ningsih', '085347853990', '-', '-', 'dalam-kota', 0),
('e7370fb9-9d60-45ac-b787-ed091c663408', '0067676585', 'Jorquin Juliano Chandra Riyadi', 'jorquin-juliano-chandra-riyadi', 'laki-laki', '2006-08-09', 'Umariyadi', 'Hanik Lestari', '082149916679', '-', '-', 'dalam-kota', 0),
('e905c69b-e610-4382-abdb-ef6fef8cf7bc', '0051811849', 'Ajeng Devi Lindi Ayu', 'ajeng-devi-lindi-ayu', 'perempuan', '2005-06-07', 'Khairul Amalin', 'Bawon Lilik Setiawati', '081347515153', '-', '-', 'dalam-kota', 0),
('e92c4c4f-4fef-4747-ac6f-2f1cb5c0e28b', '0053837265', 'Irkham Faza Isnada', 'irkham-faza-isnada', 'laki-laki', '2005-06-07', 'Sampan', 'Riris Utaminingsih', '081332180311', '-', '-', 'dalam-kota', 0),
('e9b8ce94-d833-44a1-80cc-4b65496eef4e', '0044491202', 'Satria Nur Huda', 'satria-nur-huda', 'laki-laki', '2004-03-07', 'Abdul Tumino', 'Sri Iswati', '0895414750040', '-', '-', 'dalam-kota', 0),
('ea67c4d4-ef04-4b95-bc11-d9fcc95d9637', '0052477009', 'Bagas Giat Kuncoro', 'bagas-giat-kuncoro', 'laki-laki', '2005-04-29', 'Saidi', 'Suyatni', '0895636393818', '-', '-', 'dalam-kota', 0),
('ea90bc03-c1dd-435a-bd07-bee45c9b33aa', '0059000005', 'Imron', 'imron', 'laki-laki', '2005-04-04', 'Hamdan', 'Asriani', '082159327487', '-', '-', 'luar-kota', 0),
('ec08f718-e97d-4adf-86d9-ec5b7c17c2f3', '0057059206', 'Mar\'atusholiha', 'maratusholiha', 'perempuan', '2005-05-22', 'Salim Haryadi', 'Nurhadiyanti', '085256672297', '-', '-', 'luar-kota', 0),
('ec6627b1-5f53-48a0-be01-b92ee9318557', '0040652270', 'Eprilia Nur Fauziana', 'eprilia-nur-fauziana', 'perempuan', '2004-04-23', 'Eko Dwi Suprayitno', 'Dwi Ima Suryani', '081350921691', '-', '-', 'dalam-kota', 0),
('ed342531-34cd-4701-92b9-986bd9570d21', '0034463513', 'Risky Nurfadilah', 'risky-nurfadilah', 'perempuan', '2003-03-15', 'Paidi', 'Runtini', '081253285368', '-', '-', 'komplek', 0),
('ed6ce9f8-b00e-4d5f-8030-2751487a020a', '0037852895', 'Muhammad Agus Adi Pratama', 'muhammad-agus-adi-pratama', 'laki-laki', '2003-08-10', 'Haryanto', 'Rusda', '085346903823', '-', '-', 'luar-kota', 0),
('ed839b0c-8814-4d61-9ab5-0686f2721846', '0041073874', 'Muhammad Tri Juliatmoko', 'muhammad-tri-juliatmoko', 'laki-laki', '2004-07-24', 'Tukiyo achmad mufadhol', 'Luluk royani', '085345866186', '-', '-', 'luar-kota', 0),
('ee97e9a1-81e4-4812-ae15-b6b764270cfe', '0041039448', 'Hikmal Reza Reynaldi', 'hikmal-reza-reynaldi', 'laki-laki', '2004-06-28', 'Dandi Marzuki', 'Surati', '083138584474', '-', '-', 'dalam-kota', 0),
('eef14750-dec0-4bd1-bafa-11bf41f1c2fe', '0051031986', 'Willy Yuliansyah', 'willy-yuliansyah', 'laki-laki', '2005-07-29', 'Fauzih Mukhid Abdullah', 'Sherly Yulianti', '085751376117', '-', '-', 'luar-kota', 0),
('f0c4cb57-1458-41de-8a03-4b59854020a4', '0059264448', 'Riyadi Atsiruddin Auzan', 'riyadi-atsiruddin-auzan', 'laki-laki', '2005-09-05', 'Mulyadi Zuhud', 'Ririn Nurhayati', '085247611366', '-', '-', 'dalam-kota', 0),
('f1c2195d-454a-4420-95c1-05e84b006c0d', '0043319616', 'Harun', 'harun', 'laki-laki', '2004-04-15', 'Karni', 'Suparni', '082154863951', '-', '-', 'komplek', 0),
('f2cd6ecd-13ab-40a4-963a-075f28c155c1', '0036297726', 'Novi Citra Arumdani', 'novi-citra-arumdani', 'perempuan', '2003-11-11', 'Muflikun', 'Daniroh', '081261015134', '-', '-', 'luar-kota', 0),
('f2e201bf-0e4b-47c1-b56b-931514ba32d7', '0056430987', 'Azkanita Wulida Hanif', 'azkanita-wulida-hanif', 'perempuan', '2005-08-12', 'Sutrisno', 'Laila Ariyani', '081349363321', '-', '-', 'luar-kota', 0),
('f4e93c01-d574-406f-80c5-7893d6dbe8f0', '0069883398', 'Arya Muhammad Rizki Putra Pertama', 'arya-muhammad-rizki-putra-pertama', 'laki-laki', '2006-04-03', 'Eko Sutarno', 'Nuramanah', '085754601468', '-', '-', 'komplek', 0),
('f4f1508e-0b34-4a24-80d0-8a406a7ab3f7', '0047026225', 'Novia Rahmawati', 'novia-rahmawati', 'perempuan', '2004-11-07', 'Armadi', 'Umamil Khoiroh', '085753554082', '-', '-', 'komplek', 0),
('f527f9a1-83aa-4577-8d01-8c2b9f843d54', '0043250906', 'Ade Irma Yulianti', 'ade-irma-yulianti', 'perempuan', '2004-07-11', 'Budi Riyanto', 'Herlina Santi', '081348011306', '-', '-', 'dalam-kota', 0),
('f59dec84-cc69-400c-8594-8e7246ba40f5', '0051872861', 'Pramudya Izza Arysta', 'pramudya-izza-arysta', 'laki-laki', '2005-11-16', '', 'Ismirah', '082353274354', '-', '-', 'luar-kota', 0),
('f5d651a2-c922-4b40-abb0-13674bb4504a', '0053292876', 'Muhammad Ali Algani', 'muhammad-ali-algani', 'laki-laki', '2005-12-18', 'Badriansyah', 'Rohana', '081254831848', '-', '-', 'luar-kota', 0),
('f7a685ad-2323-4068-805e-40365a9ce0ee', '0056449352', 'Davy Ariant Prayoga', 'davy-ariant-prayoga', 'laki-laki', '2005-03-24', 'Wahyu Hidayat', 'Uswatin Khasanah', '0811583424', '-', '-', 'komplek', 0),
('f8139eae-fd2d-4218-9d74-40eb61d63bb0', '0046675483', 'Angga Kaka Liqo', 'angga-kaka-liqo', 'laki-laki', '2004-09-25', 'Qomarudin', 'Lilik Purwati', '081254814027', '-', '-', 'komplek', 0),
('f94f9e99-158c-4519-ae68-5300e1db185d', '0043350363', 'Wadya Handana Warih', 'wadya-handana-warih', 'laki-laki', '2004-03-27', 'Wahyudianto', 'Maria Ulfa', '085751679109', '-', '-', 'dalam-kota', 0),
('f953f60e-238a-401b-9009-c91d13246b5d', '0045930056', 'Muhammad Ade Rifnaldy Rusli', 'muhammad-ade-rifnaldy-rusli', 'laki-laki', '2004-08-04', 'Rusli', 'Siti Fatimah', '081347099099', '-', '-', 'luar-kota', 0),
('f98f6d56-028d-45f9-86f9-f09723f3ecbd', '0061296242', 'Taufik Nur Hidayat', 'taufik-nur-hidayat', 'laki-laki', '2006-06-02', 'Armadi', 'Umamil Khoiroh', '085845981022', '-', '-', 'komplek', 0),
('fa495c8b-856b-4231-aaf8-86669e11a21b', '0066019914', 'Farhan Akmaluddin', 'farhan-akmaluddin', 'laki-laki', '2006-05-11', 'Jalaluddin', 'Darmawaty', '085249992606', '-', '-', 'dalam-kota', 0),
('fc4002a6-c1eb-44b7-86c8-0c83dab32155', '0059953251', 'Aulia Fadly Juang Sabilur Rosyad', 'aulia-fadly-juang-sabilur-rosyad', 'laki-laki', '2005-01-26', 'Suparno', 'Iis Murtiani', '085248687876', '-', '-', 'luar-kota', 0);

-- --------------------------------------------------------

--
-- Table structure for table `spp`
--

CREATE TABLE `spp` (
  `id_spp` varchar(36) NOT NULL,
  `id_kelas_siswa` varchar(36) NOT NULL,
  `total_harus_bayar` int NOT NULL
) ENGINE=InnoDB DEFAULT CHARSET=utf8;

--
-- Dumping data for table `spp`
--

INSERT INTO `spp` (`id_spp`, `id_kelas_siswa`, `total_harus_bayar`) VALUES
('08a9bb34-ef23-4afb-8115-7a56e743f4ab', '0df2f8ce-2473-4d47-82d0-3fbb5980d536', 2000000),
('0d466a26-514d-49be-99b5-ffccfd117a6a', '11e3a76b-ea33-48af-bfcc-ee30ff90f175', 2000000),
('13c83e36-7883-42bc-ba16-c3badddbdcd3', '16705210-1a73-441a-93e8-6a780e4967cb', 2000000),
('15126d72-fca6-4f97-b4f5-02cf0aed593a', 'aad12d9d-1c70-435e-b128-e6b1bdb34883', 800000),
('1b75e2b6-8fce-49e5-a4e9-e50f54dc7416', '5cf7302c-c572-4a54-a1c9-e915a6b81d4e', 2200000),
('24a6a76b-32d0-4de2-9561-b00063a3f4ae', '011f831d-dd8a-4936-9f28-16a0d7fa1683', 800000),
('29015eab-b92f-46aa-9efd-f30f11ddc07d', '7e89a50e-f8b0-4ef2-a3d0-fc8dccda3882', 2200000),
('36273dd0-f6ce-41eb-b249-71e033f33023', '818585ea-3e00-42f7-bfe8-8e2a34e5bcd1', 2200000),
('36b65764-5d23-4468-b5eb-2e8880edab2b', '165a7cbd-a2e3-4c59-98c4-1faea8c2b28f', 2200000),
('37fd8ede-67d9-488e-8787-bf356e125414', 'a779db04-47c4-48af-9f9a-5c8325a0e29e', 400000),
('3c7c2d0c-ebb0-422b-88b6-7051358fbef9', 'e9e30872-5e24-4b31-b4e1-e8e41d486317', 800000),
('405f1002-7b6a-4ab0-ac4f-59974fe43327', 'd49b35cc-2d0f-4d52-8cc2-0c23264595f7', 800000),
('4900f802-ecda-4801-82d6-d2d54681f0d3', 'd8511c97-7e02-4cec-a37a-21935cf6ece3', 0),
('49e67923-8b8c-43c3-a80a-1d728ea04ea6', 'b82e2a02-09cb-4595-a152-d93387d44908', 2000000),
('6585cdbe-7d05-4b8a-a14f-9fa1db010b48', '5c3980bb-e6c8-422d-9716-93264ed8af43', 2000000),
('698f515d-71c4-41d6-b9f6-0c5e3303ea95', 'f11b4d14-ef14-468b-afde-2d7ac9841a71', 400000),
('6b0c95ca-eb64-44bf-be06-2d1520bc881f', 'a99eef4a-6964-4341-9bef-d3d2d7219555', 800000),
('759d3362-52fd-4e14-847e-4a6d4438f8f5', '41b19b5c-a980-4cc7-a7a6-d5eacd4837e9', 2000000),
('7c2a59e5-1adb-4925-8151-ee9631552404', 'dbdf3082-5b5b-4893-8eaf-a4847e182b25', 2000000),
('8062c04c-2d29-4f5c-bb5e-5df9c05e32d1', '35c421ef-04b6-4746-affc-ebb4b490d0fd', 1000000),
('899929a8-3d69-43e7-85db-b43475eb1010', 'c46a2b50-76a9-4cf6-96bf-a82cde1c9ebc', 2000000),
('a3ba54f3-9e3f-4fdc-8d52-938c41fb80b5', 'b285dc7e-954b-43cc-b5c6-4ade5cfa58ed', 2000000),
('a4fe73d8-f1f8-489b-81fb-e0d468d9b1a2', 'd006c898-f9e6-4fbc-9db1-bb53504b7688', 2200000),
('a891d323-65b9-4052-9cca-922ae40725ee', '1380dece-65aa-4090-a157-bceac7e9a513', 1000000),
('ab5e5e83-698f-41d7-9ccc-0debf4a382aa', '9857c6d6-81d5-41ea-8452-f168ebb576b2', 800000),
('ae863971-bbfd-45a1-a92c-56379fc5e7ce', '699ff961-2715-4f3e-86a7-b9960d3bbf06', 2200000),
('bbbd704a-2c81-44bb-82e9-663f6aece7ac', 'dbe086ee-46a5-4aeb-a5f4-405c75efc0bd', 800000),
('c35da426-89ce-43d4-875b-6da5e7f2cde2', 'dd2d1180-a4b2-42ca-b3d8-d800b2be6c0f', 800000),
('d35e7589-e0a4-42b1-9828-182d24bca1bf', '3a231526-dbcb-4945-b179-1052f54fcdf4', 2200000),
('db519df7-f876-4e64-b264-35387a9cc189', '1c851c9a-474a-4202-8d46-0269a576b7b7', 2200000),
('de2d686d-d8df-48c4-a2ed-f52b9cbc480c', 'f9f53575-d9cb-4a13-8bca-f009ae645eba', 2000000),
('e58de16b-f829-4196-a787-e7ff538711af', '7beac708-4b8b-4493-9339-5913a010e2ed', 2200000),
('f43c04a5-11a8-406b-ae79-ae9044b92ab9', 'f938ed65-ce48-4754-941f-4ebf9a15db65', 2000000),
('f7b42a27-e049-4ccb-94ae-7a3576b466d2', '5ec1e64a-22a2-41a6-97a2-566dbc42a540', 2000000),
('fd116a42-80de-414b-9d48-f03d83db3986', 'd0e5c342-795e-447f-95c2-dae0783b19f8', 300000),
('fd6a595d-9df5-40bb-b327-dd03659a8778', 'e762c089-b865-43db-883b-72385a8cc991', 2000000);

-- --------------------------------------------------------

--
-- Table structure for table `spp_bayar`
--

CREATE TABLE `spp_bayar` (
  `id_spp_bayar` varchar(36) NOT NULL,
  `id_spp_bulan_tahun` varchar(36) NOT NULL,
  `tanggal_bayar` date NOT NULL,
  `total_biaya` int NOT NULL,
  `nominal_bayar` int NOT NULL,
  `kembalian` int NOT NULL,
  `keterangan_bayar` text NOT NULL
) ENGINE=InnoDB DEFAULT CHARSET=utf8;

-- --------------------------------------------------------

--
-- Table structure for table `spp_bulan_tahun`
--

CREATE TABLE `spp_bulan_tahun` (
  `id_spp_bulan_tahun` varchar(36) NOT NULL,
  `id_spp` varchar(36) NOT NULL,
  `bulan_tahun` varchar(30) NOT NULL
) ENGINE=InnoDB DEFAULT CHARSET=utf8;

--
-- Dumping data for table `spp_bulan_tahun`
--

INSERT INTO `spp_bulan_tahun` (`id_spp_bulan_tahun`, `id_spp`, `bulan_tahun`) VALUES
('01256aeb-c2b8-4a77-babe-1a9c07dc0f7d', '49e67923-8b8c-43c3-a80a-1d728ea04ea6', 'Desember, 2021'),
('024da5d5-61eb-4e18-b9d3-0ff7f0c99058', 'f7b42a27-e049-4ccb-94ae-7a3576b466d2', 'November, 2021'),
('07cbc99e-205c-445e-99a8-73d2a6039e32', '36b65764-5d23-4468-b5eb-2e8880edab2b', 'Desember, 2021'),
('125890f8-f344-4505-8b88-22d8344d337f', '6b0c95ca-eb64-44bf-be06-2d1520bc881f', 'Desember, 2021'),
('14e60952-90b6-430f-be2d-81bf6576a122', '405f1002-7b6a-4ab0-ac4f-59974fe43327', 'Desember, 2021'),
('197a8e4b-00c5-47a5-af87-ea385f576cdb', '3c7c2d0c-ebb0-422b-88b6-7051358fbef9', 'November, 2021'),
('1b7e1ec6-a195-42c1-b6f0-657cba83b56f', '37fd8ede-67d9-488e-8787-bf356e125414', 'Desember, 2021'),
('1d56d82b-485b-49db-a0db-abb1e0fb2d63', '899929a8-3d69-43e7-85db-b43475eb1010', 'November, 2021'),
('1f8b78ac-70b1-4a59-9e4b-62356cfcb6e4', '6585cdbe-7d05-4b8a-a14f-9fa1db010b48', 'Desember, 2021'),
('23768e5e-8048-4659-8c15-440fb25fcffc', 'e58de16b-f829-4196-a787-e7ff538711af', 'Desember, 2021'),
('25d7ed34-9d76-4141-a1f5-59a8af681d6c', 'e58de16b-f829-4196-a787-e7ff538711af', 'November, 2021'),
('2e56e052-1419-49be-bdb1-c2511c466cd8', '08a9bb34-ef23-4afb-8115-7a56e743f4ab', 'November, 2021'),
('301d0594-6ef7-4d54-8462-726bbeda1639', 'c35da426-89ce-43d4-875b-6da5e7f2cde2', 'November, 2021'),
('444ce910-01b0-4f67-9ace-83cea33d66fe', '13c83e36-7883-42bc-ba16-c3badddbdcd3', 'Desember, 2021'),
('47f8327d-7a30-44ac-8707-862dfb41d43a', 'f7b42a27-e049-4ccb-94ae-7a3576b466d2', 'Desember, 2021'),
('4a288626-76f7-478b-bd39-3159a2dfd836', '37fd8ede-67d9-488e-8787-bf356e125414', 'November, 2021'),
('4b0e6bc5-f0e0-41ec-8642-3a2ecbce9aaf', '8062c04c-2d29-4f5c-bb5e-5df9c05e32d1', 'Desember, 2021'),
('4e675d7d-06aa-4f04-9c05-1c4be6d47698', '29015eab-b92f-46aa-9efd-f30f11ddc07d', 'November, 2021'),
('54b34a90-b7af-467e-b9dd-913e716a6da4', '6585cdbe-7d05-4b8a-a14f-9fa1db010b48', 'November, 2021'),
('561a78df-246e-45cd-b502-b98fc479b2fa', '0d466a26-514d-49be-99b5-ffccfd117a6a', 'Desember, 2021'),
('5726cfa9-b953-4d38-afd0-4e95c82e0569', '7c2a59e5-1adb-4925-8151-ee9631552404', 'Desember, 2021'),
('5a178341-4409-4bbe-ae08-6a46369c3749', '759d3362-52fd-4e14-847e-4a6d4438f8f5', 'November, 2021'),
('5acb8c3c-92c0-4900-8b1b-aac1eb2a95d8', 'ae863971-bbfd-45a1-a92c-56379fc5e7ce', 'Desember, 2021'),
('5b65ec0d-2778-4434-a00d-21a8141ea244', '698f515d-71c4-41d6-b9f6-0c5e3303ea95', 'Desember, 2021'),
('5c1ff387-4d28-486e-96e5-f0eebe304744', 'db519df7-f876-4e64-b264-35387a9cc189', 'November, 2021'),
('636557dc-6beb-4bbd-acd6-8abb6d948647', 'd35e7589-e0a4-42b1-9828-182d24bca1bf', 'Desember, 2021'),
('64423476-cac7-4edc-94a8-757b2194e26d', 'de2d686d-d8df-48c4-a2ed-f52b9cbc480c', 'November, 2021'),
('68e52a61-f7c8-4ad7-850c-03fb1712f521', 'a3ba54f3-9e3f-4fdc-8d52-938c41fb80b5', 'Desember, 2021'),
('6953b732-b68f-4cc2-b580-6d7efe387ff0', 'c35da426-89ce-43d4-875b-6da5e7f2cde2', 'Desember, 2021'),
('6c73f293-e7a4-4d57-a647-74a2f995cb3a', 'fd6a595d-9df5-40bb-b327-dd03659a8778', 'Desember, 2021'),
('6dc56bec-83a5-457d-a4d8-7fb56aab20bf', '1b75e2b6-8fce-49e5-a4e9-e50f54dc7416', 'Desember, 2021'),
('6de48ed3-79b5-41c9-a362-f81d482d636f', '24a6a76b-32d0-4de2-9561-b00063a3f4ae', 'Desember, 2021'),
('6e84bdc2-aeb8-4eec-a97a-ccbc16b831b6', 'ab5e5e83-698f-41d7-9ccc-0debf4a382aa', 'November, 2021'),
('709e54ee-6cd5-4566-989e-9819fb1e18f5', '49e67923-8b8c-43c3-a80a-1d728ea04ea6', 'November, 2021'),
('7464ecf3-0cf3-4511-abbf-777bf0c8ee26', 'ab5e5e83-698f-41d7-9ccc-0debf4a382aa', 'Desember, 2021'),
('75110999-353b-47f8-b42a-ca4a1f0b2f47', '405f1002-7b6a-4ab0-ac4f-59974fe43327', 'November, 2021'),
('754172d5-45c8-4d8b-a03d-8f5ce4203445', 'f43c04a5-11a8-406b-ae79-ae9044b92ab9', 'Desember, 2021'),
('793e5cdd-b9ec-4a9f-a77a-6e429dc21bf5', '899929a8-3d69-43e7-85db-b43475eb1010', 'Desember, 2021'),
('795334e1-f7f4-4f12-b326-35217f26be1c', '36273dd0-f6ce-41eb-b249-71e033f33023', 'Desember, 2021'),
('7b61d729-9b9b-48f7-92bf-994fca98a045', '36b65764-5d23-4468-b5eb-2e8880edab2b', 'November, 2021'),
('7d221122-6309-48cb-a64d-56edda6c613b', '08a9bb34-ef23-4afb-8115-7a56e743f4ab', 'Desember, 2021'),
('7e3943a8-ee3b-4464-a4e0-17b53e8329c4', '4900f802-ecda-4801-82d6-d2d54681f0d3', 'Desember, 2021'),
('82912276-a97c-482a-a196-9ef8054a5f56', '36273dd0-f6ce-41eb-b249-71e033f33023', 'November, 2021'),
('8757c96f-3c3d-4a66-8fd8-abddbb43b33a', 'bbbd704a-2c81-44bb-82e9-663f6aece7ac', 'November, 2021'),
('8c247f67-a65c-48ec-af48-f1e3510928ea', 'a891d323-65b9-4052-9cca-922ae40725ee', 'Desember, 2021'),
('8eb33f72-6a52-4f8f-9158-efa8fdccfd7b', '7c2a59e5-1adb-4925-8151-ee9631552404', 'November, 2021'),
('91211cf0-d19e-48b2-9248-5b7e0be34d79', '698f515d-71c4-41d6-b9f6-0c5e3303ea95', 'November, 2021'),
('98d2f3a0-62b2-4638-9ab2-c703b832e650', 'a891d323-65b9-4052-9cca-922ae40725ee', 'November, 2021'),
('990b9ef4-fd57-4478-89ec-27e0e272e079', 'fd116a42-80de-414b-9d48-f03d83db3986', 'Desember, 2021'),
('a30de285-197a-4961-9129-04b2c55d4261', 'fd6a595d-9df5-40bb-b327-dd03659a8778', 'November, 2021'),
('a425cd14-6486-4add-a9d0-257b9b0ed208', 'a4fe73d8-f1f8-489b-81fb-e0d468d9b1a2', 'Desember, 2021'),
('ab8c0493-4f56-465e-958f-91892681fc63', 'd35e7589-e0a4-42b1-9828-182d24bca1bf', 'November, 2021'),
('ad6d3459-4402-4d10-b026-0078bc9d8822', '4900f802-ecda-4801-82d6-d2d54681f0d3', 'November, 2021'),
('c03309aa-0e9c-434b-8fe7-a1c16fc50a99', 'bbbd704a-2c81-44bb-82e9-663f6aece7ac', 'Desember, 2021'),
('c541ee94-0936-4ac7-a599-81ff890b139a', 'a4fe73d8-f1f8-489b-81fb-e0d468d9b1a2', 'November, 2021'),
('cc2dedfe-6307-4248-9b80-653cc8626793', 'de2d686d-d8df-48c4-a2ed-f52b9cbc480c', 'Desember, 2021'),
('d14c019c-868f-47c8-b130-8a8d22ab18f6', '15126d72-fca6-4f97-b4f5-02cf0aed593a', 'Desember, 2021'),
('d24fc4d9-c29b-4a0b-b5a4-552cde28d613', '15126d72-fca6-4f97-b4f5-02cf0aed593a', 'November, 2021'),
('d3663b68-2767-455a-b564-ea3a33930d0d', '1b75e2b6-8fce-49e5-a4e9-e50f54dc7416', 'November, 2021'),
('d726a461-a7e9-453c-be05-0ca2befb9fd2', '29015eab-b92f-46aa-9efd-f30f11ddc07d', 'Desember, 2021'),
('d91c06fd-657d-4ad4-8e4e-00e8bddc7036', '6b0c95ca-eb64-44bf-be06-2d1520bc881f', 'November, 2021'),
('df8f3cdb-2613-460f-929d-59b145520a50', '8062c04c-2d29-4f5c-bb5e-5df9c05e32d1', 'November, 2021'),
('e150e2ef-e246-46f3-a69a-ed0114cb88ca', '13c83e36-7883-42bc-ba16-c3badddbdcd3', 'November, 2021'),
('e1685e87-4835-4213-b6d4-f775abe7fcd3', '0d466a26-514d-49be-99b5-ffccfd117a6a', 'November, 2021'),
('e7531feb-fca4-4278-9e07-e9fa4a5a20f5', 'f43c04a5-11a8-406b-ae79-ae9044b92ab9', 'November, 2021'),
('e9c662d5-9070-42d6-8e62-66693ce11273', 'a3ba54f3-9e3f-4fdc-8d52-938c41fb80b5', 'November, 2021'),
('eafb7e4d-edbf-4d97-8abe-59fc001b3163', '759d3362-52fd-4e14-847e-4a6d4438f8f5', 'Desember, 2021'),
('f77c8fd2-ceaa-4e15-a4a7-c68bf258dace', '24a6a76b-32d0-4de2-9561-b00063a3f4ae', 'November, 2021'),
('f90317de-a7f2-45bd-910b-4955b22d15f4', 'db519df7-f876-4e64-b264-35387a9cc189', 'Desember, 2021'),
('f9a7a328-3f57-4dbf-a698-6d4a27faeef0', 'ae863971-bbfd-45a1-a92c-56379fc5e7ce', 'November, 2021'),
('f9bdb4d0-dbf2-4860-8121-ec2571c411ad', 'fd116a42-80de-414b-9d48-f03d83db3986', 'November, 2021'),
('fb8f0cf0-859e-4328-8fe3-b3d4f39506b2', '3c7c2d0c-ebb0-422b-88b6-7051358fbef9', 'Desember, 2021');

-- --------------------------------------------------------

--
-- Table structure for table `spp_detail`
--

CREATE TABLE `spp_detail` (
  `id_spp_detail` varchar(36) NOT NULL,
  `id_spp_bulan_tahun` varchar(36) NOT NULL,
  `id_kolom_spp` varchar(36) NOT NULL,
  `nominal_spp` int NOT NULL,
  `bayar_spp` int NOT NULL,
  `sisa_bayar` int NOT NULL,
  `status_bayar` int NOT NULL
) ENGINE=InnoDB DEFAULT CHARSET=utf8;

--
-- Dumping data for table `spp_detail`
--

INSERT INTO `spp_detail` (`id_spp_detail`, `id_spp_bulan_tahun`, `id_kolom_spp`, `nominal_spp`, `bayar_spp`, `sisa_bayar`, `status_bayar`) VALUES
('023028c3-6e58-424e-b92d-f05e624fabd2', '5726cfa9-b953-4d38-afd0-4e95c82e0569', 'bcda29d7-b29f-4d68-a49e-c882faa8ac05', 50000, 0, 50000, 0),
('026ba06e-c5b4-4283-b1c8-ef60bbf1318c', '8eb33f72-6a52-4f8f-9158-efa8fdccfd7b', '1e2794d7-e20d-4609-a044-6cf4ae6770d9', 250000, 0, 250000, 0),
('02f00ea7-7869-4e50-9dbc-e73404cbe705', 'eafb7e4d-edbf-4d97-8abe-59fc001b3163', 'd9c2c3b4-484f-4f36-a05e-b9e83d58a3e8', 100000, 0, 100000, 0),
('04c32cf3-0d88-4c57-afe5-b4cfe7137ff5', '64423476-cac7-4edc-94a8-757b2194e26d', 'bcda29d7-b29f-4d68-a49e-c882faa8ac05', 50000, 0, 50000, 0),
('05149ca9-c77a-46ca-9bb7-235394588f39', '301d0594-6ef7-4d54-8462-726bbeda1639', 'd9c2c3b4-484f-4f36-a05e-b9e83d58a3e8', 100000, 0, 100000, 0),
('051c0761-4cad-4e3d-a96a-b7604c527982', '25d7ed34-9d76-4141-a1f5-59a8af681d6c', 'd9c2c3b4-484f-4f36-a05e-b9e83d58a3e8', 200000, 0, 200000, 0),
('05605c18-867d-4308-8f8d-b0d74c0d1839', '636557dc-6beb-4bbd-acd6-8abb6d948647', 'bcda29d7-b29f-4d68-a49e-c882faa8ac05', 50000, 0, 50000, 0),
('0622090e-f8b8-4182-8d7f-aa92312db1e1', 'f77c8fd2-ceaa-4e15-a4a7-c68bf258dace', 'bcda29d7-b29f-4d68-a49e-c882faa8ac05', 50000, 0, 50000, 0),
('06596e60-108e-477a-a20e-3371650f916e', '7e3943a8-ee3b-4464-a4e0-17b53e8329c4', '7ccc1b0e-44c5-4f20-9bcd-118deac0a01b', 0, 0, 0, 0),
('06b081fe-8df5-493d-9a77-24e2560f1f73', '82912276-a97c-482a-a196-9ef8054a5f56', '7ccc1b0e-44c5-4f20-9bcd-118deac0a01b', 600000, 0, 600000, 0),
('06c2ac47-3886-4434-9d43-b4e61ea275fb', '7b61d729-9b9b-48f7-92bf-994fca98a045', '7ccc1b0e-44c5-4f20-9bcd-118deac0a01b', 600000, 0, 600000, 0),
('086284ef-756a-4604-b4e8-c973ea40b2dc', 'f9a7a328-3f57-4dbf-a698-6d4a27faeef0', '1e2794d7-e20d-4609-a044-6cf4ae6770d9', 250000, 0, 250000, 0),
('0879b23a-18fb-4e43-abb6-bf667e4c9f54', '709e54ee-6cd5-4566-989e-9819fb1e18f5', 'bcda29d7-b29f-4d68-a49e-c882faa8ac05', 50000, 0, 50000, 0),
('09c77228-1905-4900-a948-93a4ea941157', '1b7e1ec6-a195-42c1-b6f0-657cba83b56f', '7ccc1b0e-44c5-4f20-9bcd-118deac0a01b', 0, 0, 0, 0),
('0a1a36b2-b810-4443-a5e6-5abdb3ff6c48', 'd14c019c-868f-47c8-b130-8a8d22ab18f6', '7ccc1b0e-44c5-4f20-9bcd-118deac0a01b', 0, 0, 0, 0),
('0bf182c4-ebc5-46e9-a6a0-0e2233ecb2ff', '6953b732-b68f-4cc2-b580-6d7efe387ff0', 'd9c2c3b4-484f-4f36-a05e-b9e83d58a3e8', 100000, 0, 100000, 0),
('0c19f630-ae21-4f17-acc9-a4aaa0179a01', 'e150e2ef-e246-46f3-a69a-ed0114cb88ca', 'd9c2c3b4-484f-4f36-a05e-b9e83d58a3e8', 100000, 0, 100000, 0),
('0c7f54ef-eb4e-4858-af8e-b6d280411bac', 'e150e2ef-e246-46f3-a69a-ed0114cb88ca', 'bcda29d7-b29f-4d68-a49e-c882faa8ac05', 50000, 0, 50000, 0),
('0e49c6cb-6654-4b82-ab56-2d0da39a38d0', 'f9a7a328-3f57-4dbf-a698-6d4a27faeef0', 'bcda29d7-b29f-4d68-a49e-c882faa8ac05', 50000, 0, 50000, 0),
('0f5ae5fc-ef10-4f77-a756-a5d6f9b02f60', '07cbc99e-205c-445e-99a8-73d2a6039e32', '1e2794d7-e20d-4609-a044-6cf4ae6770d9', 250000, 0, 250000, 0),
('0f9e8eee-3707-429a-a31d-c32a7be52168', '54b34a90-b7af-467e-b9dd-913e716a6da4', '7ccc1b0e-44c5-4f20-9bcd-118deac0a01b', 600000, 0, 600000, 0),
('0ff7e4bd-d3a6-4b86-909c-f4cc36fe8b51', '795334e1-f7f4-4f12-b326-35217f26be1c', '1e2794d7-e20d-4609-a044-6cf4ae6770d9', 250000, 0, 250000, 0),
('12c1d0ea-ecb8-4efc-b85c-58e2ee27f8f9', 'e150e2ef-e246-46f3-a69a-ed0114cb88ca', '7ccc1b0e-44c5-4f20-9bcd-118deac0a01b', 600000, 0, 600000, 0),
('145cf397-04a5-4564-9152-5f446e3fb3ca', 'd91c06fd-657d-4ad4-8e4e-00e8bddc7036', '1e2794d7-e20d-4609-a044-6cf4ae6770d9', 250000, 0, 250000, 0),
('150bb668-8ace-4c32-a561-46a426eca9c4', '01256aeb-c2b8-4a77-babe-1a9c07dc0f7d', '1e2794d7-e20d-4609-a044-6cf4ae6770d9', 250000, 0, 250000, 0),
('183ad572-cda9-4b00-b262-09f6a484b447', '4a288626-76f7-478b-bd39-3159a2dfd836', 'bcda29d7-b29f-4d68-a49e-c882faa8ac05', 0, 0, 0, 0),
('1bf0eaae-1cde-4463-b8cb-63b3fca8ce8d', '7b61d729-9b9b-48f7-92bf-994fca98a045', 'd9c2c3b4-484f-4f36-a05e-b9e83d58a3e8', 200000, 0, 200000, 0),
('1c0c1c6c-f5a2-4987-bccc-8caf2b6715f5', 'a30de285-197a-4961-9129-04b2c55d4261', '1e2794d7-e20d-4609-a044-6cf4ae6770d9', 250000, 0, 250000, 0),
('1c1a4d27-7b4e-4e5c-90af-3340b56f2735', 'df8f3cdb-2613-460f-929d-59b145520a50', '1e2794d7-e20d-4609-a044-6cf4ae6770d9', 250000, 0, 250000, 0),
('1cb1e21a-fa23-44e8-9bca-bfe15e57eae9', '54b34a90-b7af-467e-b9dd-913e716a6da4', 'bcda29d7-b29f-4d68-a49e-c882faa8ac05', 50000, 0, 50000, 0),
('1d06e080-d378-41fa-859e-81d6050a1d2e', '990b9ef4-fd57-4478-89ec-27e0e272e079', '7ccc1b0e-44c5-4f20-9bcd-118deac0a01b', 0, 0, 0, 0),
('1d42ceca-c749-4ee0-8c5c-5771dafab6cd', 'eafb7e4d-edbf-4d97-8abe-59fc001b3163', 'bcda29d7-b29f-4d68-a49e-c882faa8ac05', 50000, 0, 50000, 0),
('1e49b0f4-8bc8-4e9b-b79a-fbda2f845b93', 'a30de285-197a-4961-9129-04b2c55d4261', 'd9c2c3b4-484f-4f36-a05e-b9e83d58a3e8', 100000, 0, 100000, 0),
('1f4525f7-f782-48a8-a165-f34288267a8f', '91211cf0-d19e-48b2-9248-5b7e0be34d79', 'd9c2c3b4-484f-4f36-a05e-b9e83d58a3e8', 0, 0, 0, 0),
('1fd194c9-3260-4f16-976a-2d638d191c21', '5a178341-4409-4bbe-ae08-6a46369c3749', 'd9c2c3b4-484f-4f36-a05e-b9e83d58a3e8', 100000, 0, 100000, 0),
('2091ff5f-06e2-4665-b392-eb2d3bbe75a6', 'f77c8fd2-ceaa-4e15-a4a7-c68bf258dace', 'd9c2c3b4-484f-4f36-a05e-b9e83d58a3e8', 100000, 0, 100000, 0),
('20ea782f-4792-45b7-8853-a216950634cf', 'e9c662d5-9070-42d6-8e62-66693ce11273', '7ccc1b0e-44c5-4f20-9bcd-118deac0a01b', 600000, 0, 600000, 0),
('214ea6db-a3bb-49d5-9d2b-2bffac2441ee', '14e60952-90b6-430f-be2d-81bf6576a122', 'bcda29d7-b29f-4d68-a49e-c882faa8ac05', 50000, 0, 50000, 0),
('231f7a04-f6b4-4b79-a592-c2a2abef1118', '6953b732-b68f-4cc2-b580-6d7efe387ff0', '7ccc1b0e-44c5-4f20-9bcd-118deac0a01b', 0, 0, 0, 0),
('24d68bea-68a3-4402-8b40-c2382aac0e60', '6c73f293-e7a4-4d57-a647-74a2f995cb3a', 'bcda29d7-b29f-4d68-a49e-c882faa8ac05', 50000, 0, 50000, 0),
('24f0b8cc-3e20-4fef-8601-eb43c661d2ac', '6c73f293-e7a4-4d57-a647-74a2f995cb3a', 'd9c2c3b4-484f-4f36-a05e-b9e83d58a3e8', 100000, 0, 100000, 0),
('28fc552a-f196-42ad-9318-08aba86ee57c', '6dc56bec-83a5-457d-a4d8-7fb56aab20bf', 'bcda29d7-b29f-4d68-a49e-c882faa8ac05', 50000, 0, 50000, 0),
('294cb27a-8e8e-4ff6-98ab-86889a7d2c0b', 'd726a461-a7e9-453c-be05-0ca2befb9fd2', 'd9c2c3b4-484f-4f36-a05e-b9e83d58a3e8', 200000, 0, 200000, 0),
('2ba883bc-1ab5-4c2c-9a21-0c3d5a1f0dd4', '47f8327d-7a30-44ac-8707-862dfb41d43a', '1e2794d7-e20d-4609-a044-6cf4ae6770d9', 250000, 0, 250000, 0),
('2c49c8c7-ef79-4f00-bff2-4199bce42915', 'df8f3cdb-2613-460f-929d-59b145520a50', '7ccc1b0e-44c5-4f20-9bcd-118deac0a01b', 100000, 0, 100000, 0),
('2df40637-b628-4907-89f1-22c50abf026c', '444ce910-01b0-4f67-9ace-83cea33d66fe', '7ccc1b0e-44c5-4f20-9bcd-118deac0a01b', 600000, 0, 600000, 0),
('2e318b63-010c-4071-b2d6-dae9f3f23e28', '125890f8-f344-4505-8b88-22d8344d337f', 'd9c2c3b4-484f-4f36-a05e-b9e83d58a3e8', 100000, 0, 100000, 0),
('2e830343-6963-4f2a-813b-8fff2f383340', 'f9a7a328-3f57-4dbf-a698-6d4a27faeef0', '7ccc1b0e-44c5-4f20-9bcd-118deac0a01b', 600000, 0, 600000, 0),
('2f202f9b-76fc-4094-8363-72a53ecff2bc', '024da5d5-61eb-4e18-b9d3-0ff7f0c99058', '1e2794d7-e20d-4609-a044-6cf4ae6770d9', 250000, 0, 250000, 0),
('2f9d86e9-0f63-4191-a255-98eb779b9805', 'd24fc4d9-c29b-4a0b-b5a4-552cde28d613', '7ccc1b0e-44c5-4f20-9bcd-118deac0a01b', 0, 0, 0, 0),
('2fa3ad15-0455-4232-94ee-afc54b1cad16', 'e1685e87-4835-4213-b6d4-f775abe7fcd3', 'bcda29d7-b29f-4d68-a49e-c882faa8ac05', 50000, 0, 50000, 0),
('3109641b-018e-41bb-aa20-35503be33bdf', '7e3943a8-ee3b-4464-a4e0-17b53e8329c4', 'd9c2c3b4-484f-4f36-a05e-b9e83d58a3e8', 0, 0, 0, 0),
('313e4510-f1f5-499a-81bc-c72368211d62', 'd726a461-a7e9-453c-be05-0ca2befb9fd2', '1e2794d7-e20d-4609-a044-6cf4ae6770d9', 250000, 0, 250000, 0),
('314d582a-215d-4900-9473-e30dc9ce6678', '125890f8-f344-4505-8b88-22d8344d337f', 'bcda29d7-b29f-4d68-a49e-c882faa8ac05', 50000, 0, 50000, 0),
('32e36859-04fb-4ea0-ba6e-744d776f8a9e', '793e5cdd-b9ec-4a9f-a77a-6e429dc21bf5', 'd9c2c3b4-484f-4f36-a05e-b9e83d58a3e8', 100000, 0, 100000, 0),
('34527953-05dc-464d-9085-3ac6262d32e8', '4e675d7d-06aa-4f04-9c05-1c4be6d47698', '1e2794d7-e20d-4609-a044-6cf4ae6770d9', 250000, 0, 250000, 0),
('350e987d-aa5d-4d7f-afb4-71e7f34fb9ea', '301d0594-6ef7-4d54-8462-726bbeda1639', '7ccc1b0e-44c5-4f20-9bcd-118deac0a01b', 0, 0, 0, 0),
('35c44667-3b86-450b-876b-e221c02ee028', 'fb8f0cf0-859e-4328-8fe3-b3d4f39506b2', 'd9c2c3b4-484f-4f36-a05e-b9e83d58a3e8', 100000, 0, 100000, 0),
('366ac615-6f70-4a02-949c-a05350722ffe', '8757c96f-3c3d-4a66-8fd8-abddbb43b33a', 'bcda29d7-b29f-4d68-a49e-c882faa8ac05', 50000, 0, 50000, 0),
('37a42baf-b7c8-4fc6-a602-4fffe9a86510', '64423476-cac7-4edc-94a8-757b2194e26d', '7ccc1b0e-44c5-4f20-9bcd-118deac0a01b', 600000, 0, 600000, 0),
('37e8df54-9a2d-48cf-8be1-13af69ebc68b', '07cbc99e-205c-445e-99a8-73d2a6039e32', '7ccc1b0e-44c5-4f20-9bcd-118deac0a01b', 600000, 0, 600000, 0),
('39ed2f1e-0b7d-421f-9e38-4713c65ff4d0', '5a178341-4409-4bbe-ae08-6a46369c3749', '7ccc1b0e-44c5-4f20-9bcd-118deac0a01b', 600000, 0, 600000, 0),
('3c22c7ad-3e4f-4df7-a036-af632a59f874', '23768e5e-8048-4659-8c15-440fb25fcffc', 'd9c2c3b4-484f-4f36-a05e-b9e83d58a3e8', 200000, 0, 200000, 0),
('3cb5fd43-f48a-47d8-bc0f-936c2de266c1', 'ad6d3459-4402-4d10-b026-0078bc9d8822', '7ccc1b0e-44c5-4f20-9bcd-118deac0a01b', 0, 0, 0, 0),
('3d56d087-b540-4221-a3ff-72ee6bc6fadf', '6e84bdc2-aeb8-4eec-a97a-ccbc16b831b6', '7ccc1b0e-44c5-4f20-9bcd-118deac0a01b', 0, 0, 0, 0),
('3daba654-ab73-4bfe-9759-ae014e3ad871', 'ad6d3459-4402-4d10-b026-0078bc9d8822', 'bcda29d7-b29f-4d68-a49e-c882faa8ac05', 0, 0, 0, 0),
('3e2e1458-239d-489b-90d1-2550f33117c4', 'ab8c0493-4f56-465e-958f-91892681fc63', 'd9c2c3b4-484f-4f36-a05e-b9e83d58a3e8', 200000, 0, 200000, 0),
('3e2fa0f2-4103-47fc-83e0-23fcb47362e4', '793e5cdd-b9ec-4a9f-a77a-6e429dc21bf5', '1e2794d7-e20d-4609-a044-6cf4ae6770d9', 250000, 0, 250000, 0),
('3e6050ea-5954-4837-a16a-2fb48eb55ee5', 'e150e2ef-e246-46f3-a69a-ed0114cb88ca', '1e2794d7-e20d-4609-a044-6cf4ae6770d9', 250000, 0, 250000, 0),
('3e745dbe-21d9-4168-a26f-a5f5435cdbcc', '5b65ec0d-2778-4434-a00d-21a8141ea244', 'd9c2c3b4-484f-4f36-a05e-b9e83d58a3e8', 0, 0, 0, 0),
('404605bd-009a-4341-b45b-917acbca24f9', '82912276-a97c-482a-a196-9ef8054a5f56', 'bcda29d7-b29f-4d68-a49e-c882faa8ac05', 50000, 0, 50000, 0),
('408b3084-6967-478b-a433-538810b93c91', '5c1ff387-4d28-486e-96e5-f0eebe304744', 'd9c2c3b4-484f-4f36-a05e-b9e83d58a3e8', 200000, 0, 200000, 0),
('414ac13c-8fc9-42ad-bebc-dca2698695ed', 'df8f3cdb-2613-460f-929d-59b145520a50', 'bcda29d7-b29f-4d68-a49e-c882faa8ac05', 50000, 0, 50000, 0),
('41c644e0-ac75-46f0-a3bd-324bb7fefd39', 'a30de285-197a-4961-9129-04b2c55d4261', '7ccc1b0e-44c5-4f20-9bcd-118deac0a01b', 600000, 0, 600000, 0),
('421dcfa9-d990-40f3-9c55-3304cf3f0fb2', '25d7ed34-9d76-4141-a1f5-59a8af681d6c', '1e2794d7-e20d-4609-a044-6cf4ae6770d9', 250000, 0, 250000, 0),
('423921a0-e545-459e-838b-d1fc22b477ed', '25d7ed34-9d76-4141-a1f5-59a8af681d6c', '7ccc1b0e-44c5-4f20-9bcd-118deac0a01b', 600000, 0, 600000, 0),
('428b4715-1040-4801-a5d9-f364b4e3fc15', '54b34a90-b7af-467e-b9dd-913e716a6da4', 'd9c2c3b4-484f-4f36-a05e-b9e83d58a3e8', 100000, 0, 100000, 0),
('43fb0b92-16dc-450f-bbd4-f3d87958e359', '5acb8c3c-92c0-4900-8b1b-aac1eb2a95d8', '7ccc1b0e-44c5-4f20-9bcd-118deac0a01b', 600000, 0, 600000, 0),
('46a1cdb4-d474-44de-b9e5-46691117ebc3', '6dc56bec-83a5-457d-a4d8-7fb56aab20bf', '7ccc1b0e-44c5-4f20-9bcd-118deac0a01b', 600000, 0, 600000, 0),
('47376795-5b01-42c1-b889-27b2c6eb6091', 'ab8c0493-4f56-465e-958f-91892681fc63', 'bcda29d7-b29f-4d68-a49e-c882faa8ac05', 50000, 0, 50000, 0),
('483e2b8c-c27f-4989-9ea9-48d6a3104579', '1b7e1ec6-a195-42c1-b6f0-657cba83b56f', '1e2794d7-e20d-4609-a044-6cf4ae6770d9', 200000, 0, 200000, 0),
('48c0f51d-fa04-4a9d-a412-306553b1ea5a', '54b34a90-b7af-467e-b9dd-913e716a6da4', '1e2794d7-e20d-4609-a044-6cf4ae6770d9', 250000, 0, 250000, 0),
('48ca7a9f-7429-41a0-b10e-8a80028c3d0c', '4a288626-76f7-478b-bd39-3159a2dfd836', '1e2794d7-e20d-4609-a044-6cf4ae6770d9', 200000, 0, 200000, 0),
('48ed4775-d02b-4442-a28c-0071fdc632e7', '7464ecf3-0cf3-4511-abbf-777bf0c8ee26', 'd9c2c3b4-484f-4f36-a05e-b9e83d58a3e8', 100000, 0, 100000, 0),
('4970320f-1d50-413f-b671-5bd958bf497a', 'c541ee94-0936-4ac7-a599-81ff890b139a', 'bcda29d7-b29f-4d68-a49e-c882faa8ac05', 50000, 0, 50000, 0),
('49aea7b0-1390-4943-bf6b-c803593ce588', '793e5cdd-b9ec-4a9f-a77a-6e429dc21bf5', '7ccc1b0e-44c5-4f20-9bcd-118deac0a01b', 600000, 0, 600000, 0),
('49ea81fb-dd36-460b-bf79-deaf949609fc', '125890f8-f344-4505-8b88-22d8344d337f', '1e2794d7-e20d-4609-a044-6cf4ae6770d9', 250000, 0, 250000, 0),
('49f0fca0-dfb2-4745-bb7a-b38e020e2975', '125890f8-f344-4505-8b88-22d8344d337f', '7ccc1b0e-44c5-4f20-9bcd-118deac0a01b', 0, 0, 0, 0),
('4a16207f-a925-4dcb-8154-5ba6bac30ed9', 'e7531feb-fca4-4278-9e07-e9fa4a5a20f5', 'd9c2c3b4-484f-4f36-a05e-b9e83d58a3e8', 100000, 0, 100000, 0),
('4a18901c-e87c-4c6c-8eca-6c7f4a7ccbd5', '7d221122-6309-48cb-a64d-56edda6c613b', '1e2794d7-e20d-4609-a044-6cf4ae6770d9', 250000, 0, 250000, 0),
('4b547771-f9bc-4be2-908a-2dd6a76fdabf', '024da5d5-61eb-4e18-b9d3-0ff7f0c99058', '7ccc1b0e-44c5-4f20-9bcd-118deac0a01b', 600000, 0, 600000, 0),
('4b849d27-3dd8-4559-a5af-9cdb06969033', '8c247f67-a65c-48ec-af48-f1e3510928ea', 'bcda29d7-b29f-4d68-a49e-c882faa8ac05', 50000, 0, 50000, 0),
('4cad97e5-f3f4-4110-91e7-6f49fd40a4ba', '1b7e1ec6-a195-42c1-b6f0-657cba83b56f', 'bcda29d7-b29f-4d68-a49e-c882faa8ac05', 0, 0, 0, 0),
('4cef0370-7f5a-448e-aa82-1ffd7325e595', 'f9bdb4d0-dbf2-4860-8121-ec2571c411ad', '7ccc1b0e-44c5-4f20-9bcd-118deac0a01b', 0, 0, 0, 0),
('4d7c131c-dfcc-4d47-b731-0cf0eaa8b798', '7464ecf3-0cf3-4511-abbf-777bf0c8ee26', 'bcda29d7-b29f-4d68-a49e-c882faa8ac05', 50000, 0, 50000, 0),
('4db456f2-52f7-4c5f-ad80-4d423fbb2ff3', 'a425cd14-6486-4add-a9d0-257b9b0ed208', 'd9c2c3b4-484f-4f36-a05e-b9e83d58a3e8', 200000, 0, 200000, 0),
('4dcd52e4-129b-4fd5-b9df-9cd5a12369eb', 'eafb7e4d-edbf-4d97-8abe-59fc001b3163', '1e2794d7-e20d-4609-a044-6cf4ae6770d9', 250000, 0, 250000, 0),
('4dd596f0-0236-4d19-9b99-24aece4bb4ec', '91211cf0-d19e-48b2-9248-5b7e0be34d79', '1e2794d7-e20d-4609-a044-6cf4ae6770d9', 200000, 0, 200000, 0),
('555dea5e-cad0-4c08-9961-8cf6fedebed7', 'f9bdb4d0-dbf2-4860-8121-ec2571c411ad', '1e2794d7-e20d-4609-a044-6cf4ae6770d9', 0, 0, 0, 0),
('55cc223a-a563-4f50-8136-96c73679f3cc', '01256aeb-c2b8-4a77-babe-1a9c07dc0f7d', 'bcda29d7-b29f-4d68-a49e-c882faa8ac05', 50000, 0, 50000, 0),
('55f1d0c5-c492-4f1f-a32a-579a53c529a3', '5acb8c3c-92c0-4900-8b1b-aac1eb2a95d8', 'd9c2c3b4-484f-4f36-a05e-b9e83d58a3e8', 200000, 0, 200000, 0),
('560f63b5-c997-44cd-884c-0911904aca9f', 'd91c06fd-657d-4ad4-8e4e-00e8bddc7036', 'd9c2c3b4-484f-4f36-a05e-b9e83d58a3e8', 100000, 0, 100000, 0),
('56a8b982-5e85-4647-83cd-79e011b59e34', '23768e5e-8048-4659-8c15-440fb25fcffc', '1e2794d7-e20d-4609-a044-6cf4ae6770d9', 250000, 0, 250000, 0),
('56ba2f52-f9ee-47c9-ac28-8f8f61831c56', '1f8b78ac-70b1-4a59-9e4b-62356cfcb6e4', 'd9c2c3b4-484f-4f36-a05e-b9e83d58a3e8', 100000, 0, 100000, 0),
('571c3f53-f377-4778-8f6e-9faf8551737e', '8eb33f72-6a52-4f8f-9158-efa8fdccfd7b', '7ccc1b0e-44c5-4f20-9bcd-118deac0a01b', 600000, 0, 600000, 0),
('573cbe06-8949-46b6-9f64-5a16684d0bf2', '8eb33f72-6a52-4f8f-9158-efa8fdccfd7b', 'd9c2c3b4-484f-4f36-a05e-b9e83d58a3e8', 100000, 0, 100000, 0),
('5783822e-9d95-4cea-813a-f3b55746f1f9', '5b65ec0d-2778-4434-a00d-21a8141ea244', '1e2794d7-e20d-4609-a044-6cf4ae6770d9', 200000, 0, 200000, 0),
('57a7ae72-1a8c-488e-9867-17a57207db3b', 'c03309aa-0e9c-434b-8fe7-a1c16fc50a99', 'd9c2c3b4-484f-4f36-a05e-b9e83d58a3e8', 100000, 0, 100000, 0),
('57db719d-56fd-49c1-a18d-c9c17edb27d5', '1f8b78ac-70b1-4a59-9e4b-62356cfcb6e4', '7ccc1b0e-44c5-4f20-9bcd-118deac0a01b', 600000, 0, 600000, 0),
('58088096-b2d0-484b-916d-683da800bae6', '444ce910-01b0-4f67-9ace-83cea33d66fe', 'bcda29d7-b29f-4d68-a49e-c882faa8ac05', 50000, 0, 50000, 0),
('5851c27f-fd51-482b-9216-e5874654293e', '98d2f3a0-62b2-4638-9ab2-c703b832e650', 'bcda29d7-b29f-4d68-a49e-c882faa8ac05', 50000, 0, 50000, 0),
('59aa1320-5aca-4695-b509-6eea770317dc', 'e9c662d5-9070-42d6-8e62-66693ce11273', 'd9c2c3b4-484f-4f36-a05e-b9e83d58a3e8', 100000, 0, 100000, 0),
('5aff7219-df6c-48ed-85c4-ba2c36709d4b', '4b0e6bc5-f0e0-41ec-8642-3a2ecbce9aaf', 'bcda29d7-b29f-4d68-a49e-c882faa8ac05', 50000, 0, 50000, 0),
('5b14c6f3-7842-4860-add4-addce2834119', 'cc2dedfe-6307-4248-9b80-653cc8626793', '1e2794d7-e20d-4609-a044-6cf4ae6770d9', 250000, 0, 250000, 0),
('5dea81ee-e837-400f-b671-b56184fed98f', '7b61d729-9b9b-48f7-92bf-994fca98a045', '1e2794d7-e20d-4609-a044-6cf4ae6770d9', 250000, 0, 250000, 0),
('5f47ba75-2ff1-4923-b7e5-756423cf6ecf', '6de48ed3-79b5-41c9-a362-f81d482d636f', 'bcda29d7-b29f-4d68-a49e-c882faa8ac05', 50000, 0, 50000, 0),
('60c42cc6-4bc6-408e-8d30-36e4c2371883', '6de48ed3-79b5-41c9-a362-f81d482d636f', '7ccc1b0e-44c5-4f20-9bcd-118deac0a01b', 0, 0, 0, 0),
('6147dfa8-9ba9-4208-97ca-9ff506f6a063', '4e675d7d-06aa-4f04-9c05-1c4be6d47698', 'bcda29d7-b29f-4d68-a49e-c882faa8ac05', 50000, 0, 50000, 0),
('63d5296b-7261-47d4-92f5-04739056b58b', '561a78df-246e-45cd-b502-b98fc479b2fa', '7ccc1b0e-44c5-4f20-9bcd-118deac0a01b', 600000, 0, 600000, 0),
('640ea8c1-99a1-4d5d-856d-8b3a771f9aa0', '024da5d5-61eb-4e18-b9d3-0ff7f0c99058', 'bcda29d7-b29f-4d68-a49e-c882faa8ac05', 50000, 0, 50000, 0),
('650255ec-d8ce-4f4c-a8fb-c4f5acb57e95', 'd91c06fd-657d-4ad4-8e4e-00e8bddc7036', '7ccc1b0e-44c5-4f20-9bcd-118deac0a01b', 0, 0, 0, 0),
('650cf328-8620-4263-8ea1-c4cd2a07b2b6', '7464ecf3-0cf3-4511-abbf-777bf0c8ee26', '7ccc1b0e-44c5-4f20-9bcd-118deac0a01b', 0, 0, 0, 0),
('6537aa19-9863-411e-ab4b-e23c4f4bd497', '709e54ee-6cd5-4566-989e-9819fb1e18f5', '7ccc1b0e-44c5-4f20-9bcd-118deac0a01b', 600000, 0, 600000, 0),
('66ddd51c-59d4-498a-8967-98f5a9dcd8c5', '8eb33f72-6a52-4f8f-9158-efa8fdccfd7b', 'bcda29d7-b29f-4d68-a49e-c882faa8ac05', 50000, 0, 50000, 0),
('66e2d398-d33b-4898-897c-0a14b7441cb7', 'f77c8fd2-ceaa-4e15-a4a7-c68bf258dace', '7ccc1b0e-44c5-4f20-9bcd-118deac0a01b', 0, 0, 0, 0),
('68887699-f264-4bb2-bec5-15e27b7ab13c', '990b9ef4-fd57-4478-89ec-27e0e272e079', 'd9c2c3b4-484f-4f36-a05e-b9e83d58a3e8', 100000, 0, 100000, 0),
('6a1ae889-81b2-416f-92d0-96b49c02907b', 'cc2dedfe-6307-4248-9b80-653cc8626793', '7ccc1b0e-44c5-4f20-9bcd-118deac0a01b', 600000, 0, 600000, 0),
('6aa1b6f8-43ae-452d-9384-14c2fdaa67d8', '6953b732-b68f-4cc2-b580-6d7efe387ff0', '1e2794d7-e20d-4609-a044-6cf4ae6770d9', 250000, 0, 250000, 0),
('6b65c546-2e99-444e-9a27-863c3ccf8442', 'a425cd14-6486-4add-a9d0-257b9b0ed208', '1e2794d7-e20d-4609-a044-6cf4ae6770d9', 250000, 0, 250000, 0),
('6c5dd6dd-064a-4764-8293-111c2cd1f7a5', '68e52a61-f7c8-4ad7-850c-03fb1712f521', '7ccc1b0e-44c5-4f20-9bcd-118deac0a01b', 600000, 0, 600000, 0),
('6cacc58d-00a8-44e0-9023-c4b5293c383c', '5c1ff387-4d28-486e-96e5-f0eebe304744', '7ccc1b0e-44c5-4f20-9bcd-118deac0a01b', 600000, 0, 600000, 0),
('6eb7427d-bd73-46d4-90d9-7b5841b018b6', 'ab8c0493-4f56-465e-958f-91892681fc63', '1e2794d7-e20d-4609-a044-6cf4ae6770d9', 250000, 0, 250000, 0),
('70785311-d8ff-494f-9fd6-c37042a8af84', 'e7531feb-fca4-4278-9e07-e9fa4a5a20f5', 'bcda29d7-b29f-4d68-a49e-c882faa8ac05', 50000, 0, 50000, 0),
('71054f51-5906-436c-a997-1767a0b8ef6c', '793e5cdd-b9ec-4a9f-a77a-6e429dc21bf5', 'bcda29d7-b29f-4d68-a49e-c882faa8ac05', 50000, 0, 50000, 0),
('7248d0d9-2638-42a2-90bc-b18491459451', 'c03309aa-0e9c-434b-8fe7-a1c16fc50a99', '7ccc1b0e-44c5-4f20-9bcd-118deac0a01b', 0, 0, 0, 0),
('7453e998-2ea3-41f6-9b6a-5fa558d1bf67', '4e675d7d-06aa-4f04-9c05-1c4be6d47698', 'd9c2c3b4-484f-4f36-a05e-b9e83d58a3e8', 200000, 0, 200000, 0),
('746e056d-2ec9-4853-b1a6-d34d00f55edb', '6de48ed3-79b5-41c9-a362-f81d482d636f', 'd9c2c3b4-484f-4f36-a05e-b9e83d58a3e8', 100000, 0, 100000, 0),
('761ea717-fea1-4d0e-92fd-64c88a82d6c2', '98d2f3a0-62b2-4638-9ab2-c703b832e650', '1e2794d7-e20d-4609-a044-6cf4ae6770d9', 250000, 0, 250000, 0),
('76e42a04-e5fe-4040-9422-9febc9eaf386', 'd3663b68-2767-455a-b564-ea3a33930d0d', '7ccc1b0e-44c5-4f20-9bcd-118deac0a01b', 600000, 0, 600000, 0),
('7745297c-9c82-4dce-954c-3efd9a764fe2', '197a8e4b-00c5-47a5-af87-ea385f576cdb', 'bcda29d7-b29f-4d68-a49e-c882faa8ac05', 50000, 0, 50000, 0),
('780c4cd0-bc53-450f-a827-7e27f23b0b27', '990b9ef4-fd57-4478-89ec-27e0e272e079', '1e2794d7-e20d-4609-a044-6cf4ae6770d9', 0, 0, 0, 0),
('7911fe39-b01b-454f-a0e8-65803af4c966', 'ab8c0493-4f56-465e-958f-91892681fc63', '7ccc1b0e-44c5-4f20-9bcd-118deac0a01b', 600000, 0, 600000, 0),
('7a0ade1b-42b9-47be-bebc-fdfe7424ddfb', '6dc56bec-83a5-457d-a4d8-7fb56aab20bf', '1e2794d7-e20d-4609-a044-6cf4ae6770d9', 250000, 0, 250000, 0),
('7c889d97-ebc9-4e39-a23f-386d932d6fdc', '4b0e6bc5-f0e0-41ec-8642-3a2ecbce9aaf', '7ccc1b0e-44c5-4f20-9bcd-118deac0a01b', 100000, 0, 100000, 0),
('7cfbed85-dcd3-4226-a2a7-3b3646077611', '98d2f3a0-62b2-4638-9ab2-c703b832e650', '7ccc1b0e-44c5-4f20-9bcd-118deac0a01b', 100000, 0, 100000, 0),
('7ea36759-0602-4c77-983a-ba04804f4ca8', 'cc2dedfe-6307-4248-9b80-653cc8626793', 'bcda29d7-b29f-4d68-a49e-c882faa8ac05', 50000, 0, 50000, 0),
('7fbd0a2f-6e19-43bf-afdd-8e012a38781a', 'd3663b68-2767-455a-b564-ea3a33930d0d', 'd9c2c3b4-484f-4f36-a05e-b9e83d58a3e8', 200000, 0, 200000, 0),
('80f32dc1-ce77-4067-9bf2-0f47dc8731c9', '6c73f293-e7a4-4d57-a647-74a2f995cb3a', '1e2794d7-e20d-4609-a044-6cf4ae6770d9', 250000, 0, 250000, 0),
('81bebb5b-c21c-4e86-ac5a-5b09f75ad416', 'a425cd14-6486-4add-a9d0-257b9b0ed208', '7ccc1b0e-44c5-4f20-9bcd-118deac0a01b', 600000, 0, 600000, 0),
('82349839-4b70-4894-a801-ecd11987f4e2', '07cbc99e-205c-445e-99a8-73d2a6039e32', 'd9c2c3b4-484f-4f36-a05e-b9e83d58a3e8', 200000, 0, 200000, 0),
('82f05286-2a27-4e0f-8150-f006410e60af', 'd726a461-a7e9-453c-be05-0ca2befb9fd2', '7ccc1b0e-44c5-4f20-9bcd-118deac0a01b', 600000, 0, 600000, 0),
('834d17b0-60da-4b4d-a293-c99aa6781bbc', 'f9bdb4d0-dbf2-4860-8121-ec2571c411ad', 'd9c2c3b4-484f-4f36-a05e-b9e83d58a3e8', 100000, 0, 100000, 0),
('8486fdf3-95c8-49dc-85e0-ca2522af67f6', '82912276-a97c-482a-a196-9ef8054a5f56', '1e2794d7-e20d-4609-a044-6cf4ae6770d9', 250000, 0, 250000, 0),
('85e7c729-b982-41a5-8304-d38f0c27c95d', '91211cf0-d19e-48b2-9248-5b7e0be34d79', '7ccc1b0e-44c5-4f20-9bcd-118deac0a01b', 0, 0, 0, 0),
('87fc8aa4-fafd-454b-ba87-2d46cb56b574', '23768e5e-8048-4659-8c15-440fb25fcffc', 'bcda29d7-b29f-4d68-a49e-c882faa8ac05', 50000, 0, 50000, 0),
('893ceb12-be42-4e82-8ae3-b0366133f84d', '07cbc99e-205c-445e-99a8-73d2a6039e32', 'bcda29d7-b29f-4d68-a49e-c882faa8ac05', 50000, 0, 50000, 0),
('8b4a97a1-1174-4ad5-9a4f-9cd883dd0e1b', '4a288626-76f7-478b-bd39-3159a2dfd836', '7ccc1b0e-44c5-4f20-9bcd-118deac0a01b', 0, 0, 0, 0),
('8c374a0b-4a8d-4a6d-b4ab-08fc79bfea8c', '4b0e6bc5-f0e0-41ec-8642-3a2ecbce9aaf', 'd9c2c3b4-484f-4f36-a05e-b9e83d58a3e8', 100000, 0, 100000, 0),
('8c8e9189-18bc-4d81-ad9e-c82b43c1bd2c', '561a78df-246e-45cd-b502-b98fc479b2fa', '1e2794d7-e20d-4609-a044-6cf4ae6770d9', 250000, 0, 250000, 0),
('8d7a8de5-4012-4290-957b-127ff080411a', '561a78df-246e-45cd-b502-b98fc479b2fa', 'd9c2c3b4-484f-4f36-a05e-b9e83d58a3e8', 100000, 0, 100000, 0),
('8d9ad266-13f7-4702-80a1-07f026e434c1', '68e52a61-f7c8-4ad7-850c-03fb1712f521', 'd9c2c3b4-484f-4f36-a05e-b9e83d58a3e8', 100000, 0, 100000, 0),
('8f42f2cb-e68a-4a1b-8685-76ed140ef0fa', '01256aeb-c2b8-4a77-babe-1a9c07dc0f7d', '7ccc1b0e-44c5-4f20-9bcd-118deac0a01b', 600000, 0, 600000, 0),
('9209cace-b63d-4831-be61-f8685f0332aa', '1f8b78ac-70b1-4a59-9e4b-62356cfcb6e4', '1e2794d7-e20d-4609-a044-6cf4ae6770d9', 250000, 0, 250000, 0),
('9388b654-0568-4263-880a-0193599b4ac3', '5a178341-4409-4bbe-ae08-6a46369c3749', 'bcda29d7-b29f-4d68-a49e-c882faa8ac05', 50000, 0, 50000, 0),
('9452565b-1638-4ead-9522-9bdad907cded', '91211cf0-d19e-48b2-9248-5b7e0be34d79', 'bcda29d7-b29f-4d68-a49e-c882faa8ac05', 0, 0, 0, 0),
('9552176f-114b-4b69-98d1-5b1e68d58312', '709e54ee-6cd5-4566-989e-9819fb1e18f5', '1e2794d7-e20d-4609-a044-6cf4ae6770d9', 250000, 0, 250000, 0),
('96cb5b45-db83-40de-9b24-c1b6f1ad9e7d', 'f90317de-a7f2-45bd-910b-4955b22d15f4', '1e2794d7-e20d-4609-a044-6cf4ae6770d9', 250000, 0, 250000, 0),
('96e59d53-003e-4567-af26-d8cf40706979', 'f90317de-a7f2-45bd-910b-4955b22d15f4', 'd9c2c3b4-484f-4f36-a05e-b9e83d58a3e8', 200000, 0, 200000, 0),
('97275d11-a84a-4898-9b7b-07dc927988c3', '98d2f3a0-62b2-4638-9ab2-c703b832e650', 'd9c2c3b4-484f-4f36-a05e-b9e83d58a3e8', 100000, 0, 100000, 0),
('98d8073f-8ec1-4688-8d20-04ea66e4c1a8', '5b65ec0d-2778-4434-a00d-21a8141ea244', '7ccc1b0e-44c5-4f20-9bcd-118deac0a01b', 0, 0, 0, 0),
('9a61b420-e4be-4995-8599-8cb4ad8bbb92', '754172d5-45c8-4d8b-a03d-8f5ce4203445', 'bcda29d7-b29f-4d68-a49e-c882faa8ac05', 50000, 0, 50000, 0),
('9c97dbef-fe79-47a2-ab5f-04545a7f989a', '64423476-cac7-4edc-94a8-757b2194e26d', 'd9c2c3b4-484f-4f36-a05e-b9e83d58a3e8', 100000, 0, 100000, 0),
('9dede991-a2b7-442e-a37a-347c101623e8', '795334e1-f7f4-4f12-b326-35217f26be1c', '7ccc1b0e-44c5-4f20-9bcd-118deac0a01b', 600000, 0, 600000, 0),
('9ec2ef27-206e-410b-96e1-f2239ba33d7c', '6e84bdc2-aeb8-4eec-a97a-ccbc16b831b6', 'bcda29d7-b29f-4d68-a49e-c882faa8ac05', 50000, 0, 50000, 0),
('a146cd30-b295-4395-b9ac-fe10c184543a', '01256aeb-c2b8-4a77-babe-1a9c07dc0f7d', 'd9c2c3b4-484f-4f36-a05e-b9e83d58a3e8', 100000, 0, 100000, 0),
('a1da9bd3-f2aa-44c4-b148-33dcc6188b00', '75110999-353b-47f8-b42a-ca4a1f0b2f47', 'd9c2c3b4-484f-4f36-a05e-b9e83d58a3e8', 100000, 0, 100000, 0),
('a200d1f8-cbb6-44e8-8daf-55862d6ba8dd', 'd24fc4d9-c29b-4a0b-b5a4-552cde28d613', 'bcda29d7-b29f-4d68-a49e-c882faa8ac05', 50000, 0, 50000, 0),
('a2d54196-e8c4-466f-8508-9ad434cef91d', 'c03309aa-0e9c-434b-8fe7-a1c16fc50a99', '1e2794d7-e20d-4609-a044-6cf4ae6770d9', 250000, 0, 250000, 0),
('a2f7da2b-d4da-4582-a400-5a159ecffb77', 'd726a461-a7e9-453c-be05-0ca2befb9fd2', 'bcda29d7-b29f-4d68-a49e-c882faa8ac05', 50000, 0, 50000, 0),
('a340cf81-6fd6-4eaa-8df2-105fabd21c60', '2e56e052-1419-49be-bdb1-c2511c466cd8', '7ccc1b0e-44c5-4f20-9bcd-118deac0a01b', 600000, 0, 600000, 0),
('a3a6e154-cba5-4c29-971d-a627820d036a', 'c541ee94-0936-4ac7-a599-81ff890b139a', 'd9c2c3b4-484f-4f36-a05e-b9e83d58a3e8', 200000, 0, 200000, 0),
('a3d4148a-16d2-4c75-b9e0-e2da2b3d91f1', 'e9c662d5-9070-42d6-8e62-66693ce11273', '1e2794d7-e20d-4609-a044-6cf4ae6770d9', 250000, 0, 250000, 0),
('a3d70592-2c2f-4c10-a21f-94ab86a512c1', 'f77c8fd2-ceaa-4e15-a4a7-c68bf258dace', '1e2794d7-e20d-4609-a044-6cf4ae6770d9', 250000, 0, 250000, 0),
('a51bf922-ffd4-43d0-83f5-5aa5d3001f01', '1d56d82b-485b-49db-a0db-abb1e0fb2d63', 'd9c2c3b4-484f-4f36-a05e-b9e83d58a3e8', 100000, 0, 100000, 0),
('a57d9deb-7eca-45ae-baf1-3ebe226b77f6', '6e84bdc2-aeb8-4eec-a97a-ccbc16b831b6', '1e2794d7-e20d-4609-a044-6cf4ae6770d9', 250000, 0, 250000, 0),
('a5c1b544-8dae-434f-902a-774ab64698e3', '795334e1-f7f4-4f12-b326-35217f26be1c', 'bcda29d7-b29f-4d68-a49e-c882faa8ac05', 50000, 0, 50000, 0),
('a61c174b-26f2-4360-b4b7-381e565744a8', 'e1685e87-4835-4213-b6d4-f775abe7fcd3', 'd9c2c3b4-484f-4f36-a05e-b9e83d58a3e8', 100000, 0, 100000, 0),
('a6a10b4f-5478-4353-81d8-20dcd674119f', 'd14c019c-868f-47c8-b130-8a8d22ab18f6', 'd9c2c3b4-484f-4f36-a05e-b9e83d58a3e8', 100000, 0, 100000, 0),
('a78269ee-8727-4d38-8ee1-0a0fd05b2bae', '8c247f67-a65c-48ec-af48-f1e3510928ea', '1e2794d7-e20d-4609-a044-6cf4ae6770d9', 250000, 0, 250000, 0),
('a814919e-3768-4360-a02e-981470142fe2', '1f8b78ac-70b1-4a59-9e4b-62356cfcb6e4', 'bcda29d7-b29f-4d68-a49e-c882faa8ac05', 50000, 0, 50000, 0),
('aa11c549-928a-49c0-92fe-3fd72b213836', '5726cfa9-b953-4d38-afd0-4e95c82e0569', 'd9c2c3b4-484f-4f36-a05e-b9e83d58a3e8', 100000, 0, 100000, 0),
('ac18275b-9813-4a67-b061-df0158f9735a', '6dc56bec-83a5-457d-a4d8-7fb56aab20bf', 'd9c2c3b4-484f-4f36-a05e-b9e83d58a3e8', 200000, 0, 200000, 0),
('ae4546d7-7204-452a-b6ac-ad6d7cf1cf0b', '1b7e1ec6-a195-42c1-b6f0-657cba83b56f', 'd9c2c3b4-484f-4f36-a05e-b9e83d58a3e8', 0, 0, 0, 0),
('ae865b31-9a0a-449f-83c4-4093477b614f', '5c1ff387-4d28-486e-96e5-f0eebe304744', '1e2794d7-e20d-4609-a044-6cf4ae6770d9', 250000, 0, 250000, 0),
('afbb0a01-5e3d-4d82-bda1-66c9accf38e7', '024da5d5-61eb-4e18-b9d3-0ff7f0c99058', 'd9c2c3b4-484f-4f36-a05e-b9e83d58a3e8', 100000, 0, 100000, 0),
('b053d6c4-5822-4b4f-b219-c3402f98de8a', '5726cfa9-b953-4d38-afd0-4e95c82e0569', '1e2794d7-e20d-4609-a044-6cf4ae6770d9', 250000, 0, 250000, 0),
('b12e86b2-1fd7-453b-b22c-49f5bfbb1a4f', '5726cfa9-b953-4d38-afd0-4e95c82e0569', '7ccc1b0e-44c5-4f20-9bcd-118deac0a01b', 600000, 0, 600000, 0),
('b25902a8-31eb-4dd5-905a-4066a26a88bb', '1d56d82b-485b-49db-a0db-abb1e0fb2d63', '1e2794d7-e20d-4609-a044-6cf4ae6770d9', 250000, 0, 250000, 0),
('b2aca7f0-07ee-4289-8825-1405ffdf5f75', 'f90317de-a7f2-45bd-910b-4955b22d15f4', '7ccc1b0e-44c5-4f20-9bcd-118deac0a01b', 600000, 0, 600000, 0),
('b2d440d4-1991-4390-9869-7c1952fc13c0', 'f9a7a328-3f57-4dbf-a698-6d4a27faeef0', 'd9c2c3b4-484f-4f36-a05e-b9e83d58a3e8', 200000, 0, 200000, 0),
('b307f5bb-7012-4662-b3ce-7069b26cee67', 'd14c019c-868f-47c8-b130-8a8d22ab18f6', 'bcda29d7-b29f-4d68-a49e-c882faa8ac05', 50000, 0, 50000, 0),
('b43a0fcc-7ff9-4dad-955c-23dd3dedebfb', 'eafb7e4d-edbf-4d97-8abe-59fc001b3163', '7ccc1b0e-44c5-4f20-9bcd-118deac0a01b', 600000, 0, 600000, 0),
('b455cb77-2e2c-45ed-a35f-55c05b808da3', 'd14c019c-868f-47c8-b130-8a8d22ab18f6', '1e2794d7-e20d-4609-a044-6cf4ae6770d9', 250000, 0, 250000, 0),
('b4e11ff3-510c-443f-ac3f-f13cf662f025', 'c541ee94-0936-4ac7-a599-81ff890b139a', '1e2794d7-e20d-4609-a044-6cf4ae6770d9', 250000, 0, 250000, 0),
('b689a78f-374a-47af-b1ec-2aa47fce3d07', '75110999-353b-47f8-b42a-ca4a1f0b2f47', '1e2794d7-e20d-4609-a044-6cf4ae6770d9', 250000, 0, 250000, 0),
('b6dabc8d-a14c-4f3a-ab4c-da5ad86e25c7', '197a8e4b-00c5-47a5-af87-ea385f576cdb', '1e2794d7-e20d-4609-a044-6cf4ae6770d9', 250000, 0, 250000, 0),
('b72f54b9-2b55-4de7-b40f-a47f401d82f4', 'a30de285-197a-4961-9129-04b2c55d4261', 'bcda29d7-b29f-4d68-a49e-c882faa8ac05', 50000, 0, 50000, 0),
('b72faf63-289c-4ebd-9aa5-c36de82e7cb3', '754172d5-45c8-4d8b-a03d-8f5ce4203445', 'd9c2c3b4-484f-4f36-a05e-b9e83d58a3e8', 100000, 0, 100000, 0),
('b7599f79-575e-4f29-9922-9dda0d210fe3', '197a8e4b-00c5-47a5-af87-ea385f576cdb', '7ccc1b0e-44c5-4f20-9bcd-118deac0a01b', 0, 0, 0, 0),
('b9dd2682-0c72-4de8-9c17-85021e83c61f', 'c541ee94-0936-4ac7-a599-81ff890b139a', '7ccc1b0e-44c5-4f20-9bcd-118deac0a01b', 600000, 0, 600000, 0),
('bbbd7a35-d4cf-4d9a-9d48-262a2aaf6177', '82912276-a97c-482a-a196-9ef8054a5f56', 'd9c2c3b4-484f-4f36-a05e-b9e83d58a3e8', 200000, 0, 200000, 0),
('bccb7694-77b3-45fe-abc9-c6bf4f5d6be7', '990b9ef4-fd57-4478-89ec-27e0e272e079', 'bcda29d7-b29f-4d68-a49e-c882faa8ac05', 50000, 0, 50000, 0),
('bd6e8cb9-f077-4435-8565-230c453f908c', '754172d5-45c8-4d8b-a03d-8f5ce4203445', '7ccc1b0e-44c5-4f20-9bcd-118deac0a01b', 600000, 0, 600000, 0),
('bdef1409-073c-451b-b4e7-ffb3ac46ec99', 'f90317de-a7f2-45bd-910b-4955b22d15f4', 'bcda29d7-b29f-4d68-a49e-c882faa8ac05', 50000, 0, 50000, 0),
('be28b15c-4ddf-44d9-8218-7936e6cd09e3', '709e54ee-6cd5-4566-989e-9819fb1e18f5', 'd9c2c3b4-484f-4f36-a05e-b9e83d58a3e8', 100000, 0, 100000, 0),
('be92d42f-16f2-4cb3-a67c-f6711634f159', '444ce910-01b0-4f67-9ace-83cea33d66fe', 'd9c2c3b4-484f-4f36-a05e-b9e83d58a3e8', 100000, 0, 100000, 0),
('c00e80b8-7ad3-469d-afdf-ad7f76e8e71c', 'a425cd14-6486-4add-a9d0-257b9b0ed208', 'bcda29d7-b29f-4d68-a49e-c882faa8ac05', 50000, 0, 50000, 0),
('c0a47335-2da7-4ae4-9649-4b9e310392f3', '301d0594-6ef7-4d54-8462-726bbeda1639', 'bcda29d7-b29f-4d68-a49e-c882faa8ac05', 50000, 0, 50000, 0),
('c202595f-95f7-4ba3-a54f-d3feebd3de7d', '5a178341-4409-4bbe-ae08-6a46369c3749', '1e2794d7-e20d-4609-a044-6cf4ae6770d9', 250000, 0, 250000, 0),
('c2508666-293b-4878-a8a1-6684a3814149', '7d221122-6309-48cb-a64d-56edda6c613b', '7ccc1b0e-44c5-4f20-9bcd-118deac0a01b', 600000, 0, 600000, 0),
('c342cee2-8bd1-4f4b-84ea-dd9ac925d188', '47f8327d-7a30-44ac-8707-862dfb41d43a', '7ccc1b0e-44c5-4f20-9bcd-118deac0a01b', 600000, 0, 600000, 0),
('c4b9c094-bf12-4e69-a64e-ca2c50551fd5', '561a78df-246e-45cd-b502-b98fc479b2fa', 'bcda29d7-b29f-4d68-a49e-c882faa8ac05', 50000, 0, 50000, 0),
('c54eb40b-11c2-4a76-9c09-b3585f68cc47', 'e1685e87-4835-4213-b6d4-f775abe7fcd3', '7ccc1b0e-44c5-4f20-9bcd-118deac0a01b', 600000, 0, 600000, 0),
('c680c28e-6a09-4d86-a637-64cfcbe24fb0', '7e3943a8-ee3b-4464-a4e0-17b53e8329c4', '1e2794d7-e20d-4609-a044-6cf4ae6770d9', 0, 0, 0, 0),
('c713e1c2-d86d-4bcb-a33d-35535be94edc', '1d56d82b-485b-49db-a0db-abb1e0fb2d63', 'bcda29d7-b29f-4d68-a49e-c882faa8ac05', 50000, 0, 50000, 0),
('c907f664-9204-4765-a716-b81a83f165bd', '75110999-353b-47f8-b42a-ca4a1f0b2f47', '7ccc1b0e-44c5-4f20-9bcd-118deac0a01b', 0, 0, 0, 0),
('c90ab8e7-f228-4f73-a579-b425575b4b18', '2e56e052-1419-49be-bdb1-c2511c466cd8', 'd9c2c3b4-484f-4f36-a05e-b9e83d58a3e8', 100000, 0, 100000, 0),
('c90ddcca-dedb-4c12-b782-0f9bb99c3d52', 'd3663b68-2767-455a-b564-ea3a33930d0d', 'bcda29d7-b29f-4d68-a49e-c882faa8ac05', 50000, 0, 50000, 0),
('c925f81d-9a28-45de-a9fa-c013e83e6f30', '4a288626-76f7-478b-bd39-3159a2dfd836', 'd9c2c3b4-484f-4f36-a05e-b9e83d58a3e8', 0, 0, 0, 0),
('cb63bd8c-1606-4f1d-9735-5dc07e1491d6', 'f9bdb4d0-dbf2-4860-8121-ec2571c411ad', 'bcda29d7-b29f-4d68-a49e-c882faa8ac05', 50000, 0, 50000, 0),
('cb668956-9558-4de7-b741-e803d0437d46', '25d7ed34-9d76-4141-a1f5-59a8af681d6c', 'bcda29d7-b29f-4d68-a49e-c882faa8ac05', 50000, 0, 50000, 0),
('cd074462-011c-4ed6-981d-71bbd68d03d8', '5b65ec0d-2778-4434-a00d-21a8141ea244', 'bcda29d7-b29f-4d68-a49e-c882faa8ac05', 0, 0, 0, 0),
('ce809a32-142d-46a6-8f72-4ee652e88fdd', 'ad6d3459-4402-4d10-b026-0078bc9d8822', 'd9c2c3b4-484f-4f36-a05e-b9e83d58a3e8', 0, 0, 0, 0),
('ce9c91fc-3acb-48f0-89f7-aeb5d760adb4', '636557dc-6beb-4bbd-acd6-8abb6d948647', '7ccc1b0e-44c5-4f20-9bcd-118deac0a01b', 600000, 0, 600000, 0),
('d05fc476-0fc5-4085-b348-9a29b774b5a0', '8757c96f-3c3d-4a66-8fd8-abddbb43b33a', '7ccc1b0e-44c5-4f20-9bcd-118deac0a01b', 0, 0, 0, 0),
('d13050a6-ed32-4079-8ec8-21f346178dce', '8757c96f-3c3d-4a66-8fd8-abddbb43b33a', '1e2794d7-e20d-4609-a044-6cf4ae6770d9', 250000, 0, 250000, 0),
('d1cb445f-a0dd-4e71-896d-7d9674cf23b1', 'e7531feb-fca4-4278-9e07-e9fa4a5a20f5', '7ccc1b0e-44c5-4f20-9bcd-118deac0a01b', 600000, 0, 600000, 0),
('d1f9b047-4daa-4303-aff4-54de9cd5f987', '2e56e052-1419-49be-bdb1-c2511c466cd8', 'bcda29d7-b29f-4d68-a49e-c882faa8ac05', 50000, 0, 50000, 0),
('d2b1ab07-2226-4443-98e2-edd27725f43b', '1d56d82b-485b-49db-a0db-abb1e0fb2d63', '7ccc1b0e-44c5-4f20-9bcd-118deac0a01b', 600000, 0, 600000, 0),
('d8450051-4a0d-4f2c-9ed7-475fc751a7d6', '8757c96f-3c3d-4a66-8fd8-abddbb43b33a', 'd9c2c3b4-484f-4f36-a05e-b9e83d58a3e8', 100000, 0, 100000, 0),
('d84d6b5a-a697-4b83-8b1f-bd1ee117cf12', 'd24fc4d9-c29b-4a0b-b5a4-552cde28d613', 'd9c2c3b4-484f-4f36-a05e-b9e83d58a3e8', 100000, 0, 100000, 0),
('d9dcf34d-d54e-43d3-b5e9-bbaefc2564f3', 'cc2dedfe-6307-4248-9b80-653cc8626793', 'd9c2c3b4-484f-4f36-a05e-b9e83d58a3e8', 100000, 0, 100000, 0),
('dba2de54-9f18-4bc6-b1a7-9388151bb7e1', 'e9c662d5-9070-42d6-8e62-66693ce11273', 'bcda29d7-b29f-4d68-a49e-c882faa8ac05', 50000, 0, 50000, 0),
('dc1d191e-3e9d-493e-9062-68aef08a70d9', '301d0594-6ef7-4d54-8462-726bbeda1639', '1e2794d7-e20d-4609-a044-6cf4ae6770d9', 250000, 0, 250000, 0),
('dc50e6f4-06c6-47a3-95f1-be27d4cb1032', '64423476-cac7-4edc-94a8-757b2194e26d', '1e2794d7-e20d-4609-a044-6cf4ae6770d9', 250000, 0, 250000, 0),
('dd134bb6-94ee-4a92-ac3a-f4eedd6f77c7', '68e52a61-f7c8-4ad7-850c-03fb1712f521', 'bcda29d7-b29f-4d68-a49e-c882faa8ac05', 50000, 0, 50000, 0),
('e0a70d83-8aff-4e82-b5e3-f0a4316d7dc3', '6953b732-b68f-4cc2-b580-6d7efe387ff0', 'bcda29d7-b29f-4d68-a49e-c882faa8ac05', 50000, 0, 50000, 0),
('e11b7cfd-faf2-481f-8af4-85029cdfb1b4', '23768e5e-8048-4659-8c15-440fb25fcffc', '7ccc1b0e-44c5-4f20-9bcd-118deac0a01b', 600000, 0, 600000, 0),
('e13d5006-e041-4ce7-b36c-c8da615dc5ac', 'd3663b68-2767-455a-b564-ea3a33930d0d', '1e2794d7-e20d-4609-a044-6cf4ae6770d9', 250000, 0, 250000, 0),
('e15d9c98-1294-486d-9e81-681b0c7f70bb', 'fb8f0cf0-859e-4328-8fe3-b3d4f39506b2', 'bcda29d7-b29f-4d68-a49e-c882faa8ac05', 50000, 0, 50000, 0),
('e1c7bc8f-f112-41c1-94e0-57243784605c', 'e7531feb-fca4-4278-9e07-e9fa4a5a20f5', '1e2794d7-e20d-4609-a044-6cf4ae6770d9', 250000, 0, 250000, 0),
('e2513ff1-2316-43e1-91d5-7d0b3b38a695', 'd91c06fd-657d-4ad4-8e4e-00e8bddc7036', 'bcda29d7-b29f-4d68-a49e-c882faa8ac05', 50000, 0, 50000, 0),
('e3e3c6da-bb82-48ab-8d98-6635cee08fc6', '754172d5-45c8-4d8b-a03d-8f5ce4203445', '1e2794d7-e20d-4609-a044-6cf4ae6770d9', 250000, 0, 250000, 0),
('e65c4ed0-04ad-4e14-8a13-454d4aa2d48f', '8c247f67-a65c-48ec-af48-f1e3510928ea', '7ccc1b0e-44c5-4f20-9bcd-118deac0a01b', 100000, 0, 100000, 0),
('e6ef2069-3203-4470-b09e-ef00bca9a9fa', '636557dc-6beb-4bbd-acd6-8abb6d948647', 'd9c2c3b4-484f-4f36-a05e-b9e83d58a3e8', 200000, 0, 200000, 0),
('e7b8888c-b660-40c9-b741-3f6f6e14e798', '4e675d7d-06aa-4f04-9c05-1c4be6d47698', '7ccc1b0e-44c5-4f20-9bcd-118deac0a01b', 600000, 0, 600000, 0),
('e7c03803-17cb-4865-b65e-e99929aae6d0', '8c247f67-a65c-48ec-af48-f1e3510928ea', 'd9c2c3b4-484f-4f36-a05e-b9e83d58a3e8', 100000, 0, 100000, 0),
('e86b4a72-f291-4422-8c3e-105174b68176', 'fb8f0cf0-859e-4328-8fe3-b3d4f39506b2', '1e2794d7-e20d-4609-a044-6cf4ae6770d9', 250000, 0, 250000, 0),
('e9758ac9-555c-42ac-859a-0a8c4db137a3', 'df8f3cdb-2613-460f-929d-59b145520a50', 'd9c2c3b4-484f-4f36-a05e-b9e83d58a3e8', 100000, 0, 100000, 0),
('e9dafafe-baa6-49a1-a13d-b822d71ef754', '2e56e052-1419-49be-bdb1-c2511c466cd8', '1e2794d7-e20d-4609-a044-6cf4ae6770d9', 250000, 0, 250000, 0),
('ea373aaf-ef20-4a05-87bf-3b75d36d13a8', 'c03309aa-0e9c-434b-8fe7-a1c16fc50a99', 'bcda29d7-b29f-4d68-a49e-c882faa8ac05', 50000, 0, 50000, 0),
('ec38ff1e-c3bb-4631-95cd-d151ba894f9c', '75110999-353b-47f8-b42a-ca4a1f0b2f47', 'bcda29d7-b29f-4d68-a49e-c882faa8ac05', 50000, 0, 50000, 0),
('ece0430d-4980-470a-bca1-fc9579a5c437', '636557dc-6beb-4bbd-acd6-8abb6d948647', '1e2794d7-e20d-4609-a044-6cf4ae6770d9', 250000, 0, 250000, 0),
('ee0833a1-90d5-4764-a8fe-2ed14f7bea3e', '7d221122-6309-48cb-a64d-56edda6c613b', 'bcda29d7-b29f-4d68-a49e-c882faa8ac05', 50000, 0, 50000, 0),
('ef7c8c19-ab8d-446f-9ed3-4d44fddb631f', '47f8327d-7a30-44ac-8707-862dfb41d43a', 'bcda29d7-b29f-4d68-a49e-c882faa8ac05', 50000, 0, 50000, 0),
('ef7e0582-11fa-40ed-9001-8612557bebf8', '7b61d729-9b9b-48f7-92bf-994fca98a045', 'bcda29d7-b29f-4d68-a49e-c882faa8ac05', 50000, 0, 50000, 0),
('f00ede6d-e72e-43a9-a592-9ecc545aaa20', 'ad6d3459-4402-4d10-b026-0078bc9d8822', '1e2794d7-e20d-4609-a044-6cf4ae6770d9', 0, 0, 0, 0),
('f01b36db-b17c-4860-9cb5-685ba5f13567', 'd24fc4d9-c29b-4a0b-b5a4-552cde28d613', '1e2794d7-e20d-4609-a044-6cf4ae6770d9', 250000, 0, 250000, 0),
('f11c09fb-cdd2-4fee-8ec1-7b55a106dd95', 'fb8f0cf0-859e-4328-8fe3-b3d4f39506b2', '7ccc1b0e-44c5-4f20-9bcd-118deac0a01b', 0, 0, 0, 0),
('f2c814cc-ad4c-4e80-8c71-7f9f0f58981e', '7464ecf3-0cf3-4511-abbf-777bf0c8ee26', '1e2794d7-e20d-4609-a044-6cf4ae6770d9', 250000, 0, 250000, 0),
('f3515c47-3f72-4b49-9a6a-390fb3bcabee', '14e60952-90b6-430f-be2d-81bf6576a122', '1e2794d7-e20d-4609-a044-6cf4ae6770d9', 250000, 0, 250000, 0),
('f35bea9a-d316-4b93-8a6b-164fd5621f69', '7d221122-6309-48cb-a64d-56edda6c613b', 'd9c2c3b4-484f-4f36-a05e-b9e83d58a3e8', 100000, 0, 100000, 0),
('f3e8c505-53ba-4dcf-acf8-4faba0c2db0d', 'e1685e87-4835-4213-b6d4-f775abe7fcd3', '1e2794d7-e20d-4609-a044-6cf4ae6770d9', 250000, 0, 250000, 0),
('f54d42b2-676b-47e5-84e4-2c8bb0cefc3b', '47f8327d-7a30-44ac-8707-862dfb41d43a', 'd9c2c3b4-484f-4f36-a05e-b9e83d58a3e8', 100000, 0, 100000, 0),
('f635dade-9c41-46ac-9a1f-257e04f21e01', '6c73f293-e7a4-4d57-a647-74a2f995cb3a', '7ccc1b0e-44c5-4f20-9bcd-118deac0a01b', 600000, 0, 600000, 0),
('f7671f24-98bf-4709-b090-f16de36a84c5', '6de48ed3-79b5-41c9-a362-f81d482d636f', '1e2794d7-e20d-4609-a044-6cf4ae6770d9', 250000, 0, 250000, 0),
('f83f9a5c-eba6-4bdf-9f94-2244706a2249', '5acb8c3c-92c0-4900-8b1b-aac1eb2a95d8', '1e2794d7-e20d-4609-a044-6cf4ae6770d9', 250000, 0, 250000, 0),
('f94b48ed-0ca6-4b1a-9516-40879184c631', '5c1ff387-4d28-486e-96e5-f0eebe304744', 'bcda29d7-b29f-4d68-a49e-c882faa8ac05', 50000, 0, 50000, 0),
('fa052654-5572-4af6-a5f3-f36ad2bded2c', '14e60952-90b6-430f-be2d-81bf6576a122', 'd9c2c3b4-484f-4f36-a05e-b9e83d58a3e8', 100000, 0, 100000, 0),
('fa7f48ab-9639-48fc-9273-3fa59e01a930', '14e60952-90b6-430f-be2d-81bf6576a122', '7ccc1b0e-44c5-4f20-9bcd-118deac0a01b', 0, 0, 0, 0),
('fad30415-e26b-4fda-95f4-6f4f1824d9ec', '795334e1-f7f4-4f12-b326-35217f26be1c', 'd9c2c3b4-484f-4f36-a05e-b9e83d58a3e8', 200000, 0, 200000, 0),
('fb594261-d8dd-4a99-902a-13f47775a4db', '197a8e4b-00c5-47a5-af87-ea385f576cdb', 'd9c2c3b4-484f-4f36-a05e-b9e83d58a3e8', 100000, 0, 100000, 0),
('fb5c61c8-1619-40d2-836a-d145d9397a92', '4b0e6bc5-f0e0-41ec-8642-3a2ecbce9aaf', '1e2794d7-e20d-4609-a044-6cf4ae6770d9', 250000, 0, 250000, 0),
('fbb3bfcc-0a3e-4122-9922-896e875289ca', '68e52a61-f7c8-4ad7-850c-03fb1712f521', '1e2794d7-e20d-4609-a044-6cf4ae6770d9', 250000, 0, 250000, 0),
('fbd5bd25-7d74-4070-bad5-c52c927ed0ee', '444ce910-01b0-4f67-9ace-83cea33d66fe', '1e2794d7-e20d-4609-a044-6cf4ae6770d9', 250000, 0, 250000, 0),
('fbdff41d-95b5-4212-842b-212f8395823b', '6e84bdc2-aeb8-4eec-a97a-ccbc16b831b6', 'd9c2c3b4-484f-4f36-a05e-b9e83d58a3e8', 100000, 0, 100000, 0),
('fdb5b294-d5d8-46c2-8303-564088f7e2d7', '5acb8c3c-92c0-4900-8b1b-aac1eb2a95d8', 'bcda29d7-b29f-4d68-a49e-c882faa8ac05', 50000, 0, 50000, 0),
('fef9e442-f2d4-4940-9802-e2a4bb908dcf', '7e3943a8-ee3b-4464-a4e0-17b53e8329c4', 'bcda29d7-b29f-4d68-a49e-c882faa8ac05', 0, 0, 0, 0);

-- --------------------------------------------------------

--
-- Table structure for table `tahun_ajaran`
--

CREATE TABLE `tahun_ajaran` (
  `id_tahun_ajaran` varchar(36) NOT NULL,
  `tahun_ajaran` varchar(10) NOT NULL,
  `status_delete` int NOT NULL
) ENGINE=InnoDB DEFAULT CHARSET=utf8;

--
-- Dumping data for table `tahun_ajaran`
--

INSERT INTO `tahun_ajaran` (`id_tahun_ajaran`, `tahun_ajaran`, `status_delete`) VALUES
('79e9c8e4-32b9-48b5-93be-741a6c8a0c2d', '2021/2022', 0);

-- --------------------------------------------------------

--
-- Table structure for table `users`
--

CREATE TABLE `users` (
  `id_users` varchar(36) NOT NULL,
  `name` varchar(75) NOT NULL,
  `username` varchar(75) NOT NULL,
  `password` varchar(75) NOT NULL,
  `remember_token` varchar(75) DEFAULT NULL,
  `level_user` int NOT NULL,
  `status_akun` int NOT NULL,
  `status_delete` int NOT NULL,
  `last_login` timestamp NULL DEFAULT NULL
) ENGINE=InnoDB DEFAULT CHARSET=utf8;

--
-- Dumping data for table `users`
--

INSERT INTO `users` (`id_users`, `name`, `username`, `password`, `remember_token`, `level_user`, `status_akun`, `status_delete`, `last_login`) VALUES
('004bc756-30d7-4e95-a8a1-c7eca0db83d0', 'Ortu Muhamad Nur', '0051599292', '$2y$10$/kWDeYQDqd.8JMq1ZGRNx.RyafMamWETcBofVzvbtOVtIs8jNCJda', NULL, 0, 1, 0, NULL),
('015a086a-b985-4a5e-a654-d24c2c9dbf9d', 'Ortu Anindita Amelia', '0037033731', '$2y$10$GqffHsKCWoXRSTImGa9jUepKWtSIgX1oqdsI3je0IS59ZRqgRZP12', NULL, 0, 1, 0, NULL),
('0176bef6-941a-440d-8579-7cbaa5fa4eda', 'Ortu Vanessa Aurelia Rasada', '0068535058', '$2y$10$dupJPsTx2SeS1xpOImpkyu9qR56t3nhuhEXCYQyaAsltwu/T.B2CK', NULL, 0, 1, 0, NULL),
('01f1e224-b48d-47a7-843d-b1f85461729a', 'Ortu Muhammad Ridho Baihaki', '0057080513', '$2y$10$gVZCt4vyacrOLlKdzonEu.qRCD1sgIKiwyfcNyY/NtqdXMyPNhG9i', NULL, 0, 1, 0, NULL),
('0264b3aa-0b72-4c42-93d0-0a959170ef3e', 'Ortu Reyza Abror Al Hafidh', '0054454560', '$2y$10$un7FoXzoKjYfmXS3hUzyP.JDn3s5jsEpmXbN32jU4dyGbFjNq6Gfi', NULL, 0, 1, 0, NULL),
('03041757-ceeb-4f41-b49e-72ebc1208bf3', 'Ortu Endri Aprilya', '0062803516', '$2y$10$gwYKpg.ZfAp4HH1C3keBO.JuRvTbDOlxbmdkyyaws3I1e.ZDUJ0Ou', NULL, 0, 1, 0, NULL),
('038f0581-01b1-430c-919d-922eb21da476', 'Ortu Muhammad Lutfi Nur Latif', '0046239059', '$2y$10$LzsZzEBJpuNpaowsurGBqOr9w1aW8.xHyvkSofzkiaCl8mH9PHAKG', NULL, 0, 1, 0, NULL),
('05b24f8d-4a7f-4dc5-93fe-09911bd6ae7e', 'Ortu Taufik Nur Hidayat', '0061296242', '$2y$10$KX/.fQ7OkjwxtBTuUTeI7eV7a6eASHEi5LVrPBvioewKTD4mTX6oW', NULL, 0, 1, 0, NULL),
('07e12ea6-af7f-4e33-86db-bf5bcc6bf04a', 'Ortu Ovan Nathan Mahesa', '0051080185', '$2y$10$dAX5Jdd6Bh2zkbMcsOvjgeXmdMooCxhDm7NhT/qJM/.vflfFeiL.O', NULL, 0, 1, 0, NULL),
('0858f1b0-c703-4055-83ed-b2af8273d740', 'Ortu Abdul Malik', '0045238004', '$2y$10$2dAUcrnCBejeAgCtKYAVeu.iU17WCMd9U/se/EVinPOuwqZtAMmLS', NULL, 0, 1, 0, NULL),
('099bc910-e703-4119-bcc0-53f69af1ebce', 'Ortu Nurhasan Hidayah', '0043490646', '$2y$10$RqCUXJRMX.x8KjVxuvI2LuGRCQauA/sSUViBSpRuTbWct9kmLj.ju', NULL, 0, 1, 0, NULL),
('0aa22c8d-e91f-4d32-87de-20329236ba4f', 'Ortu Luna Fatih Astrina', '0068471675', '$2y$10$47cFb0d/Qbb7BRSuHt6HneVy5yqA4Ciu6fjrpVIUFj8uJ0PKnMf0W', NULL, 0, 1, 0, NULL),
('0afb38f7-f62c-4640-96f0-dadfafa438bb', 'Ortu Dimas Noerhidayat', '0056367397', '$2y$10$DM/39X2tzo/u.NyZpWL1e.4urJtSnE/aCLszLAkMJgF1wwV3aaRGS', NULL, 0, 1, 0, NULL),
('0b6c727c-f5c2-4f79-883c-37d77bb406e8', 'Ortu Nanang Kukuh Prasetya Maulana', '0035356686', '$2y$10$7oXyyNAHzH79zW7TD/J39.X6n7UDfechAWlNtMsOS4SGbggJJ8ple', NULL, 0, 1, 0, NULL),
('0ca487f7-85d1-47da-8ad4-d8fa60cda094', 'Ortu \'Izzatullah Labibah \'Ulya', '0051015817', '$2y$10$xbT/kbvFaUpZR9h6q9ou5.EJV9/BvxX0NfEVfjJoa9AFtVNK.6moO', NULL, 0, 1, 0, NULL),
('0edac54f-7e1a-44c1-987f-c03f7278cae8', 'Ortu Tosy Bima Asadulloh Mustofa', '0076973019', '$2y$10$AzRLUd0em8pZgLOnGzU5IuGk7LQOJRHZiFHhGqA6c5nvujT8TNoo6', NULL, 0, 1, 0, NULL),
('0fe21d88-250e-477a-8238-3e3ba6ce1312', 'Ortu Wellya Faqih Maharilmi', '0053482490', '$2y$10$6Jl19oaIgBkwbWSZ.GtOyeP2YJrBf2bShOpLdOEQRiD9MVXKYY6cC', NULL, 0, 1, 0, NULL),
('102ee81f-de8d-4e62-8f87-ba895cc77ff1', 'Ortu Aisyah Munawaroh Putri', '0056662819', '$2y$10$Izq.gdt6RMLaaTW4ABOQgulyp2NzU1OWP6ddsotbHG6162NSgZJZ6', NULL, 0, 1, 0, NULL),
('1043c2fa-eeba-4dd5-8c49-ea2ca5b2067f', 'Ortu Alfian Aris Habibullah', '0062228028', '$2y$10$3hUcOdYQ7sS8wyreKsWw3uCB9zrHtamXY38DEISDbuCyCtzp/mpSC', NULL, 0, 1, 0, NULL),
('109d6665-0136-47ac-9e27-4659ee9d8951', 'Ortu Vania Nariswari', '0047098773', '$2y$10$35wR4E5ga3gMAE4.cxpE9OdnHxISZZ/p9veZceofzrLrpImuISgRW', NULL, 0, 1, 0, NULL),
('10dfb896-ca7a-41f5-b31b-6e5bf1bd0d5b', 'Ortu Muhammad Ikram', '0035615881', '$2y$10$UKOq9l2EUD9PcmTmE6JLgO1dgdrTqbEt1XBqvazj72W5xfwB5j6Ka', NULL, 0, 1, 0, NULL),
('1143ee72-b272-4a55-a32c-28d70076f70f', 'Ortu Khifdzia Ad\'ha Refida Putri', '0078155918', '$2y$10$IXsm87kXWmc/VdHXh.RKM.bWq9c1vpd9a3qj/Qd5qndSi6z/zzoS2', NULL, 0, 1, 0, NULL),
('117b2fb4-131c-4b9b-af71-9e9201ed0e53', 'Ortu Nararya Wira Dharma', '0069709176', '$2y$10$KC4NVP.H.4n7qs0xZBOgqOxnVKB.OhYYaPmsd5Fajib10vq2SpOby', NULL, 0, 1, 0, NULL),
('126ba050-aa20-4d94-9716-b54aab70209b', 'Ortu Riyadi Atsiruddin Auzan', '0059264448', '$2y$10$zy82LcfWTN2ms7VJARGARu0u8f0ygUTPpaCPylOS5u3bUYFcIslRu', NULL, 0, 1, 0, NULL),
('1313f738-2677-401e-a8f6-97219237a610', 'Ortu Chinta Dhinika Sabilah', '0044755187', '$2y$10$Q6DFzektMufRmfWR5Vrq0O9sXNz9E2/oqC8ABquIjwNWY334mEjF2', NULL, 0, 1, 0, NULL),
('136a6ec8-352d-4bde-9a29-af1d85e689ce', 'Ortu Muhammad Rofiq Hariri', '0041884381', '$2y$10$voUxmZGbn20kieEt0aJ.ruoCNql86CN0WH/Oe7xEu4G.mg2n1LW/u', NULL, 0, 1, 0, NULL),
('13bde779-f0d2-411c-8254-79ba6fa405f6', 'Ortu Dihani Royhana Hajar', '0069330686', '$2y$10$A89JXt1xggMxiQ55dgLCm.rPjJ0W3Mq2GEwA/5JEtbmiu59k4yyZW', NULL, 0, 1, 0, NULL),
('1403369a-7282-4cd7-bf7a-13352d1666b9', 'Ortu Suci Ayuningtias', '0062237872', '$2y$10$7L/lwrrbFwyE1osHenzsh.Jw4sqKr8joZupy5/xpRzxSHCg0VtwFC', NULL, 0, 1, 0, NULL),
('14090c97-e6c0-4ac2-a5c9-daf0f628e8b9', 'Ortu Farhan Akmaluddin', '0066019914', '$2y$10$0dbRF2Pa55KhBI1sr51eO.I88xGq1TnM1kxlTimZ3EBeKcf1Adq.a', NULL, 0, 1, 0, NULL),
('1619a9a8-8f2a-4094-b266-20968c7cb048', 'Ortu Dara Rahma Callista', '0064518451', '$2y$10$GLIIcY3g20fUDHWR21.EPOCDObwRL.CjSEYbtlEIzMEhs8utt0QtG', NULL, 0, 1, 0, NULL),
('171ea3fc-029f-4f16-a694-d0ffef1f84a0', 'Ortu Taufik Nur Hidayat', '0061296242', '$2y$10$QLMxERHsqPM8qmRfsMu41OGDUUtqCuLiSZNPpVy7v3asoSws80sKO', NULL, 0, 1, 0, NULL),
('19519c96-8b18-42f1-8fd9-8b02ffeaea4a', 'Ortu Rahma Nanda Puspita', '0058603636', '$2y$10$xeSbn6UJZqh.JnO5hmL1NOamJm4ui7zB9VZLmWpQ8a4VvkWkvVSvK', NULL, 0, 1, 0, NULL),
('1b447bde-d600-45a2-9cc3-bc00e3d807db', 'Ortu Aril', '0049382777', '$2y$10$shSOOxEa9WLJwNI2IGDFseuPsd6WlZHQSBl7RfM/vzk9l1mbTNSIm', NULL, 0, 1, 0, NULL),
('1b719552-69fb-4527-8043-29ba8cf789bf', 'Ortu Gunawan Syahputra', '0046683930', '$2y$10$3XaWRYWJof5opmLNu2uRauS1UwXwz9e9644LysTSWi5Zb6.lno25K', NULL, 0, 1, 0, NULL),
('1c0e8c57-a967-442b-81fb-8bbb46c9008d', 'Hashirama Senju', 'hashirama', '$2y$10$aK4zvWko6TuJVgAp9LxDVOjyVDRuy06xOwGmEJ26YS7fyIDyRtCDq', 'JuaEWNxSSz9Nrky977vXSEuUNNTYo3b6CEGVZo4UlTzc1fh4oL0qMykolJAK', 1, 1, 0, NULL),
('1c2a64a1-f33d-40a7-bba0-c6939bfd38b6', 'Ortu Syaiful Anwar Ibrahim', '0055703804', '$2y$10$WSF6Hs0jR1ywB6.C/7VD4uVMehM.13cgTZPamjzPSXAXRJq5BOGVa', NULL, 0, 1, 0, NULL),
('1caf7306-a604-465b-b1e9-435cfec74620', 'Ortu Dimas Fatra Maulana', '0055477406', '$2y$10$OJEIL6DfnBpBsu7ZQDuJzeCqDyv5zaQ7NG0zE3.JYINIoSxS.AkXa', NULL, 0, 1, 0, NULL),
('1d3b6d23-b581-4bdf-9ebd-9e1ac628eb7f', 'Ortu Muhammad Abdul Dhohir', '0055438553', '$2y$10$ab6VOvea/Sj3mQwOvzngLuHDt.ncYwUV14tNPI4UHDxWJdPDedK5C', NULL, 0, 1, 0, NULL),
('1d59cf80-4897-4169-8fae-3b111f2924a2', 'Ortu Alya Natasya Aprilia', '0067548912', '$2y$10$A999MJ7LVzFgFT1vVPex6eQ.bFsQl6CZqTC9yIZAji7wei3.RZIr.', NULL, 0, 1, 0, NULL),
('1e2010ec-af7c-4157-98ff-e8a430b9ba91', 'Ortu Gandis Virgianti Novitarani', '0031065766', '$2y$10$rpeub2DF1DjalCEB1WaNPuiPqx3bZpxdh8/YCSMGWZNsxp0/M8wT2', NULL, 0, 1, 0, NULL),
('1e92b98d-0eab-43c4-888f-46d9b657afe3', 'Ortu Andi Fazhlullah Auza\'i', '0042975919', '$2y$10$rrKnTutTM2S4eRAQCDQ6tuiBMggY9PGcx5HRy0kxeJDzegU7ScVu2', NULL, 0, 1, 0, NULL),
('1ea69023-b4d6-42cd-b458-5b4730b6181a', 'Ortu Yasmin Nur Aida', '0037034298', '$2y$10$bXxNTj3S7P9pKmss6aU/5.YMZy070okYgk1XyHCaJTCA5rVgPWAXK', NULL, 0, 1, 0, NULL),
('1fe01d77-5fb9-4a91-a985-4554ab8fb43e', 'Ortu Asbighu Fadilla Dienhaqq', '0051693306', '$2y$10$StToDIvbgdgBpOXsPwGToeN86vj7s4t0KVfH.hf9X2CIWWkJIIqoW', NULL, 0, 1, 0, NULL),
('2043e3a1-c783-42db-9984-35f51e38a979', 'Ortu Risky Nurfadilah', '0034463513', '$2y$10$XQrpa6KlM4TrycwFRqrOSer/JjpsrnYloJmlfdHF89CJE9rrFLBCK', NULL, 0, 1, 0, NULL),
('20576f3f-28db-4162-8ccf-e5be470a1f60', 'Ortu Annisa Karina Rahmadani', '0056385341', '$2y$10$S95RxGdn2NDbagGvSiiBy.y9UTkvoscjCcL0NZJWn6jPnM4rgeufq', NULL, 0, 1, 0, NULL),
('219724b5-1cb0-435c-b54b-b21efed21f41', 'Ortu Muhamad Nur', '0051599292', '$2y$10$EJzfe.L99o8wV5pdDlIlmu4j2/B0Kq70XzwVTwXGblaJ3KzyDEMJy', NULL, 0, 1, 0, NULL),
('21b3a7eb-fad7-4742-9944-59256023314e', 'Ortu Erika Adra Sapphira Zulfa', '0051710097', '$2y$10$YK9b9jMAF1CxwKaaAGsBgebJ8Ct/QZdeUqET8seeGtKasx4oDM8pu', NULL, 0, 1, 0, NULL),
('21ef313c-d399-4782-a2cb-551928b41f12', 'Ortu Kayis Abdul Aziz', '0063063024', '$2y$10$ffhXzthS85Vhie3PXSVOv.ZUknaVuRLxET5NQlGOQGUYkGuGy5bxC', NULL, 0, 1, 0, NULL),
('22ca45b7-56ca-4f7f-9e92-7378f15f610e', 'Ortu Adinda Risky Ayu Salsabila', '0045036703', '$2y$10$17QOdWfBraOoGxlvOGdyh.7wEQP4KqKzTe0DRU2gwHth4PML1YO1S', NULL, 0, 1, 0, NULL),
('22f5adb0-81b4-42b1-bba7-3f5c78704770', 'Ortu Indah Seftiyani', '0063339783', '$2y$10$Cvoj58j7j3YC13sedF.GDu1NEqFee9uGqvfmP5uBqste59v5nlid2', NULL, 0, 1, 0, NULL),
('237e9600-5ed4-4b11-8689-1346d995a796', 'Ortu Ghulam Maulana Az Zakkiy', '0051470754', '$2y$10$EhLwCeQnRxVeLj5Art2oSukq4nGxXGsCowKERdnEcYIeyYs/WVQ0W', NULL, 0, 1, 0, NULL),
('254532a8-a31a-4adf-ac9a-dd5de56e0701', 'Ortu Riko Danova', '0031666736', '$2y$10$UonGXx715UbDy6iMAwFFh.rK0qU5y/l0wUdWXq8v2xhcGn183Elle', NULL, 0, 1, 0, NULL),
('2552f24c-17e1-4d98-8a7d-8fba4f8c87e2', 'Ortu Muhammad Anas', '0066632959', '$2y$10$D7NS5ytjNvL8lIDWvwO6Ve7L604oKHcAhcK0BslToAuR3x1hiHovy', NULL, 0, 1, 0, NULL),
('256a7c26-1614-4e30-a954-b63f2fb63ef6', 'Ortu Auliya Ratungga', '0057684278', '$2y$10$pmC.ebJs8fkmh7PAzEgi7eejQQeS11WerDl95e1Z1Z59CThDC6g6i', NULL, 0, 1, 0, NULL),
('27bc151d-f9fe-4e66-95fb-328f3277666d', 'Ortu Ramadhan Dicky Reza', '0067912116', '$2y$10$Yff9ubtHwl7S01p2Tg56gOJr4SGaEzxts2WxGHCN/uqqS/D2PClGy', NULL, 0, 1, 0, NULL),
('27cb58b3-74f2-4148-998a-8b487bcf04bb', 'Ortu Muhammad Anas', '0066632959', '$2y$10$qY3JqK0zQcOVCSDtZHy1JeEeQ8z5pSUhGJZBiO/i8IBuNRHaCMVau', NULL, 0, 1, 0, NULL),
('28638a3c-12c0-43a6-95b4-9ec63520b2b9', 'Ortu Melisa Salsabilah', '0052426449', '$2y$10$Wqrby3VgNEDrpG5MNKLTV.8dwMvhFCICHKShxD1peLZGm6Ip4WaN6', NULL, 0, 1, 0, NULL),
('2989c63e-3a1f-40b0-a16b-e6647f74cf57', 'Ortu Yogi Umar', '0067318479', '$2y$10$pXQXBYeAaJPIHLwXH.ueGuwex0WIQpv5TmGOR/U6uof3covSIi.iS', NULL, 0, 1, 0, NULL),
('2993f828-b827-4587-bfd7-43ede865044f', 'Ortu Muhammad Royan Touhuri', '0068960128', '$2y$10$crKqE./hDmdeIk7iv6LfauVP4Z5.r1c1wB43LQpPpNj.lSXsOJ2YW', NULL, 0, 1, 0, NULL),
('2a854185-18e1-49e2-81b0-76d1556a11c7', 'Ortu Muttiah Ratna Sari', '0064820157', '$2y$10$tGAECJqCCq/qEovEtG21/ukuL335IvdTDIKps1Xz/Y6PssirhYiGG', NULL, 0, 1, 0, NULL),
('2ab523aa-7bf7-4a68-a01d-5f7da61732e8', 'Ortu Sultan Adhi Nova', '0049226227', '$2y$10$zVq8GwB66ZhccLvZS0MwmO9kD4tHMsnZETVvXkbhoRCCb81LnsN3y', NULL, 0, 1, 0, NULL),
('2abe1e60-068c-499b-bf7a-2b3da1393d20', 'Ortu Rafidha Nirwana Bilqist Azzakhra', '3052269378', '$2y$10$mnz0Xa1pHYEqtu8pXhA.c.GLdih74vOc30GLFUwFed29NiS.QBD/G', NULL, 0, 1, 0, NULL),
('2abf1bf0-7b2d-489f-bea8-a0c2dc592bf1', 'Ortu Jorquin Juliano Chandra Riyadi', '0067676585', '$2y$10$vuhraDlSdd6Lbaq2dWQYGenulhv0uHM0bR0ArQEWI44/24q.dmGR2', NULL, 0, 1, 0, NULL),
('2b45f96a-3a83-4949-92f5-28a6c1aeaf33', 'Ortu Afriq Faqih Fidin', '0065275581', '$2y$10$Zf2QLfdWUXctG52o5BVCXOgWbM9J4EMj8EozIU4e/9uOugeABdc6W', NULL, 0, 1, 0, NULL),
('2bc0c43e-3bc8-48bf-9f3e-68ed453c25a6', 'Ortu Eka Seppita Ariana Putri. M', '0032673019', '$2y$10$nRack/H6C15yX06s46KwZesdwsFBYkNoXH8kciz0/8w7IO/YqfIGS', NULL, 0, 1, 0, NULL),
('2c08c0ee-2ade-4cdd-8592-3d4117ad77c6', 'Ortu Fathul Aris Nurmanto', '0054956408', '$2y$10$.FMX/8pElZ52MhZ03jcbHOEz/f4m/.J7YTLbPiQjCx1i52Bzv8M9.', NULL, 0, 1, 0, NULL),
('2c2e21f6-a465-4039-8515-33476cc34668', 'Ortu Saddam Sakti \'Ammaar Hakim', '0049458925', '$2y$10$tdl0.RKw5aa9zvbSB15nweZ/o5BtN40z1W9KB.0hl48UlL0t0wbXW', NULL, 0, 1, 0, NULL),
('2e863947-2ae9-4f61-8bdd-26e25a640245', 'Ortu Moch. Noor Yuda Pratama', '0056562302', '$2y$10$uKV4fiPqFrpzEmXL0Em6uuyicoGA4MNLXGgZUm2bIlHNpJ6EMEYoe', NULL, 0, 1, 0, NULL),
('2e86b03d-029f-4e36-97df-63d991691708', 'Ortu Dini Nur Abida Aulia', '0051055145', '$2y$10$18RR9wAB2eyPbobAvWL5Z.VsDJKfp07GEpOOxuegol8BpPDDD/kA.', NULL, 0, 1, 0, NULL),
('304f8ea8-f17f-465a-ba3e-833b8fb29fd5', 'Ortu Bulan Nur Azizah', '0051816715', '$2y$10$Bmx8Bs/2eaWOl9rBOB.ycekY4gGIm6XPNgzH1Dj7xekccqSuTK4Qe', NULL, 0, 1, 0, NULL),
('30a14f51-a9b6-4e8d-b629-e8e727e4f977', 'Ortu Rikha Aulia Azzakiah', '0062607342', '$2y$10$eQUaggsq7FKWTsZnoyFaFefk1m0y7RNdX7wvqE.yYCHi5TGTO4E4.', NULL, 0, 1, 0, NULL),
('30c1f90a-7ffa-4bdb-833d-78e2bee74cf3', 'Ortu Muhamad Zaenal Abidin', '0043496257', '$2y$10$R2A7vQhDWsSE2XbqdxW4U.3q5GRF.IFzauwJZqLiWTP1Lzxqpikzy', NULL, 0, 1, 0, NULL),
('34077809-64bf-4d76-b949-0a1570f5531c', 'Ortu Rangga Galih Saputra', '0068390893', '$2y$10$3QboPGutnIjHXZ7gHSNAiuvXIXhx5pbiBt863c7Ah3LX3YU9zVuRe', NULL, 0, 1, 0, NULL),
('345a6a46-e5c5-40a1-841b-666086f0f822', 'Ortu Muhammad Agus Adi Pratama', '0037852895', '$2y$10$BbU/cm3f2YeeOsl9XPSbfeuf79PfdgH1LvN1wFoMN12DKwk8kRdRa', NULL, 0, 1, 0, NULL),
('35491731-4358-4324-8a63-1caa2f0f222f', 'Ortu Muhammad Ramzy Nur Fauzy', '0045276223', '$2y$10$DtKC1YAvt80v6ajbqto/..cfRR6sGs436W9CLw1xY9td63cIXrc7W', NULL, 0, 1, 0, NULL),
('367967bf-9911-4564-b4c3-6f2a4cdb4e64', 'Ortu Vania Nariswari', '0047098773', '$2y$10$fEVcHOhLjgSqokEXYWa1gePhtcdGN9MyzKSnd.kBJpQtzfWVJw2lW', NULL, 0, 1, 0, NULL),
('37fdbd81-51a1-4b95-b418-563f2ab01b16', 'Administrator', 'admin', '$2y$10$pimNKjAcUsCf9NzWK.9Csutc4FM8RK0uQjsMLYRBZU8dT9w7gF3UK', 'oMnQiCRID7BUS164tQGOAVxI3q7SAvDL1204JJBJKXx0hZ18MEvPjOakaya8', 2, 1, 0, NULL),
('38f1987f-d9dc-48fa-a541-341b2feb3595', 'Ortu Ani Nurtika Sari', '0061957576', '$2y$10$z1X0VaV5h0ro5/YEIRS4g.CX0b73AO0jtiyoF1exSW.Gv1750X2Z6', NULL, 0, 1, 0, NULL),
('393e6143-dcac-43cb-b8fd-676be0d6a061', 'Ortu Egi Reka Prasojo', '0053299212', '$2y$10$j8p6r37wsQSq5q0n4aWkH.WNn6lIrLWiiGTSgkflwI/B1quBnqpUS', NULL, 0, 1, 0, NULL),
('3953e050-98b9-4c27-abe5-d91f5f458863', 'Ortu Anis Susiati', '0069038037', '$2y$10$UD1DfA2lu67ah9pK5wUJ7elj2ijfKiuT3yD6uy/E0kumsQEDOfFpy', NULL, 0, 1, 0, NULL),
('3a228839-2429-4d7c-88fd-2e24797b0d0b', 'Ortu Arjuna Jaka Prawira', '3048540921', '$2y$10$CeNbICjM7u9jZkww/mhjK.Outw.aBlx2U7hrlZ9lDz0z83Jiwvi.u', NULL, 0, 1, 0, NULL),
('3aaf1d12-3a9d-48ad-8247-1f72ec8df91c', 'Ortu Wahyu Wulandari Siswanto Putri', '0042378614', '$2y$10$S4YdGVbVrwQRBAw2ulKyL.80sZweaeYtiBPRpJUSTNKJMyJKsHEbu', NULL, 0, 1, 0, NULL),
('3b939e22-3e6d-4a35-9245-43ab17dc83eb', 'Ortu Ainun Tiaraningtias Lusihana', '0057805867', '$2y$10$75JMesI4Jazychdvne2pIeViSr83OsHwNeLyEdHGjt5sAYq4F3vpm', NULL, 0, 1, 0, NULL),
('3bb02688-9d20-4828-bdd8-2b789f2aaa37', 'Ortu Yourdan Faris Alkayisa', '0059640428', '$2y$10$Blmq5xng36QXxbooCFPW.OZ0DUhLDvLCmxeQx82kurqSGuwZviNAy', NULL, 0, 1, 0, NULL),
('3c507362-551e-44a4-9812-b11fb30600a2', 'Ortu Aksan Bany Muqoddas', '0055169985', '$2y$10$E8pI/XdqszjzrtlzsXrzVu4s9kmkNVCJbjwc.SijfauTNJNRvYHAO', NULL, 0, 1, 0, NULL),
('3cbcbcba-59c1-45cf-bb7a-ef7baa3079e2', 'Ortu Dani Akbar Hidayat', '0065261063', '$2y$10$og3lGs9FNjqas71dE7ZQ6On.IHrttHOeJN4xfxHOwTJr.sbsyaJpy', NULL, 0, 1, 0, NULL),
('3d2fa23b-6c5e-4a5b-b058-9683ed082e70', 'Ortu Aqradhista Winan Ramadhana', '0037034294', '$2y$10$38opdCreraSaujAyHCkG7O9ZkUxlziZBDaAT5yn4nYVg4hPhodQNO', NULL, 0, 1, 0, NULL),
('3d565fc0-bf11-45b7-91bb-b3fe18b50548', 'Ortu Ani Nurtika Sari', '0061957576', '$2y$10$V8CvVAKZZ7C.BdL/plURcOeDhRTbFWkITLmzjftAvWUPpJhw/5LAK', NULL, 0, 1, 0, NULL),
('3e001d4c-1bb0-4d15-8423-6acb3eb54bce', 'Ortu Sofia Noor Dianti', '0048589026', '$2y$10$4hHWVt97/RRVd57LbMwN0OmVvfjccrerh9oua3JU2FgXzofeVpPr6', NULL, 0, 1, 0, NULL),
('3e4debdd-c1ad-4bae-a7cc-1cac98699f1b', 'Ortu Muhamad Nur', '0051599292', '$2y$10$Iky.2UiVxbiYq/yfR3HwJ.VwEuz0lN/UzLjJZbD/tr3ljfb71q066', NULL, 0, 1, 0, NULL),
('3e6ef3f1-5bb7-4f1d-9717-0eb790db8d5b', 'Ortu Kana Early Khansa', '0035833635', '$2y$10$ZG.pY1dAPPnCO/wIqz2HW.0Agvi/mCUDdrzlSXnep0SJe2AOIGNCW', NULL, 0, 1, 0, NULL),
('3e792bbe-f215-4740-9a31-bdc3e2328e99', 'Ortu Kalma Almira', '0037529017', '$2y$10$YQs1xTamHfIQHJxT/HcI4ezG3VtgwOBEC5OthR8RPOY2Fvl1XkgSS', NULL, 0, 1, 0, NULL),
('3feb26bb-e8fd-4fe2-b0ea-5ec11ac7c6dd', 'Ortu Anina Chelsea Haniariskika Fardani Fitri', '0059348854', '$2y$10$vJnPSKXLOwBHq1g0aNKFpurH2gZ3lvwESqPnkcZJVAqKr7.uELHvK', NULL, 0, 1, 0, NULL),
('402e08f7-42e8-4382-83a7-5b697906d5f3', 'Ortu Aril', '0049382777', '$2y$10$GvR9.BeJzi.BUXaJMM6b2eQLi6uDByOUUDC4vMEKpCX4LnAx83AYy', NULL, 0, 1, 0, NULL),
('40aa9769-bfd5-4cbd-b010-8faffca8f6be', 'Ortu Fazni Datullaila Muzzaki', '0052618910', '$2y$10$sbuLO86SjG8HR4owxjXFw.f5wAQlMM0eAa0vE73AgNVLV72UrsEzm', NULL, 0, 1, 0, NULL),
('40b5ca6e-d2d7-4643-9d13-cffa90fc4ac6', 'Ortu Syifa Zahra Aulia', '0055792001', '$2y$10$qezVkLIFx9HYau76JL0f6u55hZFAHtGanbHOcQjK0JGiiItqXyOJK', NULL, 0, 1, 0, NULL),
('41230ac6-0662-4ddb-839d-5da7f4ee4bfa', 'Ortu Juan Daffa Dzaki Aldhisa', '0057112969', '$2y$10$KfdXHKpBozfdxaLoL2sPEuTHk7PPIXQVkyiJ/umBFYWLvRwh4ww0m', NULL, 0, 1, 0, NULL),
('41411eab-cf5a-431e-99b3-34f8d97802a0', 'Ortu Rizki Dion Nasrulloh', '0069711652', '$2y$10$8F2qOPUiEET.GZVGKEIYDOLkUY8JfBoB6Dss8kPLORGwcv/XZWuZ2', NULL, 0, 1, 0, NULL),
('4325bde1-484d-4e16-8913-5c4848500e45', 'Ortu Tiara Saputri', '0052370939', '$2y$10$cwMSHcdOpxiIM51cYH/HqOHlCIcvai3J/vKda1XxxvXg4b4GZfFUa', NULL, 0, 1, 0, NULL),
('4494ed03-04d4-479b-9f93-185cc3470610', 'Ortu Muhammad Erdi Saputra', '0052004270', '$2y$10$4DtoLLfjzQIjjw2otE/1P.acblkWJlnVB3n5uKlhCQvouyczIk5Ni', NULL, 0, 1, 0, NULL),
('44b50b66-9b09-44e2-af5c-e51dfbb83716', 'Ortu Zahrah Nazhifah Iftinany', '0043319423', '$2y$10$c4MWcZp8.qeIRJTbk0v0oe1tXO84zRGJpHzCBqEt/vtsjgsdx0MD.', NULL, 0, 1, 0, NULL),
('47291439-1652-4196-9853-59a1810805a2', 'Ortu Trie Andini Nur Ashari', '0042651116', '$2y$10$0UvXlVSliVcLBYM3sdjpT.HIc/mOWoyB/tZ3i55s4i42erYhU2F.2', NULL, 0, 1, 0, NULL),
('4734d6cd-c81f-4b6c-84fc-e2b057fdcfe7', 'Ortu Yogi Umar', '0067318479', '$2y$10$UBjNM90bzTpG8ZP3wdQp5OyphVCjQXB2OLN9p.i9zCYul1DOwuww2', NULL, 0, 1, 0, NULL),
('473c53cd-b023-4ed5-aa5d-27a399ea5ffd', 'Ortu Anis Susiati', '0069038037', '$2y$10$GRO9ntbsd/ZKsjeJyknlYubylqwtFVAW7YnqAmit9pceEScWGgbCe', NULL, 0, 1, 0, NULL),
('47a16675-a2cb-4c00-9aab-721c7f193ae4', 'Ortu Hikmal Reza Reynaldi', '0041039448', '$2y$10$hsiUinygeW/peHTMRtYgv.OCda8EhxmVyQrufWz4XFxH3MsPpfXYm', NULL, 0, 1, 0, NULL),
('4a7d33bd-3cbd-4dc5-8554-90db82c3107c', 'Ortu Yourdan Faris Alkayisa', '0059640428', '$2y$10$F9cTNd1Uy8ZgAw0X9FL1k.i./hjXauu0K7L5CnFOgn2VlMjCCpcwW', NULL, 0, 1, 0, NULL),
('4b0bf2ce-6a59-485e-9531-923d1f458f76', 'Ortu Nabyl Ubaydah', '0062375585', '$2y$10$UesbSAQ5P1lfNpt2gHtsIe8vq5IONKN/sNF7JES028QEBlhNiVski', NULL, 0, 1, 0, NULL),
('4b407361-0a43-4d49-a170-432362be6015', 'Ortu Hadid Syaifian', '0052315701', '$2y$10$gCaffG6jbw3sRmYoHR0ml.sPsMLXO2mtwI7JU047HDdd4U9mwZeyS', NULL, 0, 1, 0, NULL),
('4bf8a5eb-a73d-455e-88bd-fca94dcc1dcb', 'Ortu Tirta Ahmad Fionaldo', '0065634694', '$2y$10$NvMnrYiMKnHr/6eE3pMwKugxiDU1Uej2qKvwcQMy.3RrQOk9frata', NULL, 0, 1, 0, NULL),
('4d664dfa-dc7a-4887-854f-a250055f3de0', 'Ortu Nidia Azizah Nurul Afifah', '0047249339', '$2y$10$9qKgF4WT1kQS22ch0pAdb..AHQU/eziYQ5LwurW4sGKco5CZi6Fkm', NULL, 0, 1, 0, NULL),
('4d987afb-3115-4abc-9870-49695e95e92d', 'Ortu Angga Kaka Liqo', '0046675483', '$2y$10$d4w3Vst0qBch/ErS6NUO6uzTP0fJyAvZk6a/Q56/Nc.ehF694CuTG', NULL, 0, 1, 0, NULL),
('4e497c4f-fb81-451d-bfe5-ced3d1e35710', 'Ortu Aulia Fadly Juang Sabilur Rosyad', '0059953251', '$2y$10$vJIcJPaloh.0g9PgkqxfhO5m2lglnHJHDu.rdy2JKvA9YOAnvvZD6', NULL, 0, 1, 0, NULL),
('4f0abcbe-37aa-4e50-a457-4722dd148076', 'Ortu Hasbi Allohu Nur Rohmat Jaya', '0057592510', '$2y$10$T6vtEZ62TLJjFASv1YdkZ.6FR0T1i9.qoO4fAnIiMA9Qa6DOYRY0u', NULL, 0, 1, 0, NULL),
('4f48158b-9d78-4c15-b939-435f7c19b99d', 'Ortu Adam Putra Firdaus', '0053296310', '$2y$10$b7y223IgIoUPFYRWaqRvnuEAgWC8CQ.A6KBUgQIF5.ka44GnkYTpS', NULL, 0, 1, 0, NULL),
('51f1926f-a474-4124-805c-9a11bd7028e7', 'Ortu Muhammad Wahyu Hidayattullah', '0059113772', '$2y$10$S/JUzp7Yp9FTFaoVLuXmzOz9mluMF/uffkiPiowEhKe0GB2m3vraa', NULL, 0, 1, 0, NULL),
('521429ac-6095-418a-8fbb-70ba06835b0e', 'Ortu Zaina Divia Ananta', '0055121180', '$2y$10$TxEbLWIFxQ6CJwnX9g0fO.bvdCHuTxAH4OCVmdQ.xUdr5vCMJmp5.', NULL, 0, 1, 0, NULL),
('537d5f5c-e328-4313-ad6f-f4ad26b1d1bc', 'Ortu Adzan Almahdi Nurohmat', '0052047484', '$2y$10$vWtj3XW8ts7t/Gx2CxYr4OV2wWl0OEm/hS10ftdscEV0Lm2zDRf16', NULL, 0, 1, 0, NULL),
('542b069a-4e9b-46b2-a2cb-146d37340fcc', 'Ortu Herlinda Ariati', '0062291849', '$2y$10$fqtslcFnQcQDo4hJ/utNT.si90.aJYlcRrWh0ujoI7i.dHBle1KYC', NULL, 0, 1, 0, NULL),
('54a43106-1340-440b-b2a0-91dc90f74ea3', 'Ortu Aulia Ayu Septiani', '0043677446', '$2y$10$e4ISh.Nr6.9jYtKZB2vkzOK84nBRpLvSWf4KILZYZA19W4Yudu08m', NULL, 0, 1, 0, NULL),
('55e3b2d5-90cf-42a4-bceb-e54f2cd4c5a7', 'Ortu Muhammad Rehal Sa\'ad Finaban', '0051811774', '$2y$10$GCHC2PQC.iyxaBTOjcomFOglPNWstlGQ30BKEMFJh13wZpk42TXEW', NULL, 0, 1, 0, NULL),
('564be668-7661-44fd-8c76-6c345f6f96ce', 'Ortu Muhammad Wahyu Hidayattullah', '0059113772', '$2y$10$vnRvpcg1.OEgXnGAXHql1OY16qCngU5UlACSVMwCUog1FnbnD1lVy', NULL, 0, 1, 0, NULL),
('565adb74-af16-4a3e-a0ea-6e64a4be8db4', 'Ortu Endri Aprilya', '0062803516', '$2y$10$UJVqWgUcjW6l9HKtMys1TO2.Pmzp7bGD3hXTaRQ8Meka4i6E5IEPq', NULL, 0, 1, 0, NULL),
('5660cd71-2316-4ae7-94bd-9f65fe9d2ace', 'Ortu David Ali Mustofa', '0048190075', '$2y$10$mkquq60jtO7IBDMT8kyXi.zX3/Fy07jeyY.izKVOEtmUsr3M1eXS2', NULL, 0, 1, 0, NULL),
('56c36bdf-6609-475b-97e4-d276b8e6f942', 'Ortu Ahya Sunan Al Afif', '0066048679', '$2y$10$Kr0f2fOOLMUGciQxBbNyJOmkgZ/j62aniag0pUftui447BfzTILOO', NULL, 0, 1, 0, NULL),
('57496d4d-e916-414c-b073-5cb7a137bb89', 'Ortu Syifa Rohayin Qurrotu Aini Alfahmy', '0049023745', '$2y$10$s2mXQU6VrE2Suzf/TgPDQOnC6qc5eb8adhizwGghHzumSE7kyaam6', NULL, 0, 1, 0, NULL),
('575dd989-488b-4f43-ad1f-7f3774b22419', 'Ortu Suci Ayuningtias', '0062237872', '$2y$10$eGCkHTNURHcISJzaYGzvle1xTOontRLxm/uLHCGkGASHUGQDPN/BC', NULL, 0, 1, 0, NULL),
('5792435a-2359-4a2a-8f7a-f45d41db563c', 'Ortu David Ali Mustofa', '0048190075', '$2y$10$s56qXfXS7hQ4l9Ik3bba0uEgrfG/TQ/ZauLoqF2zhTdBfmhHig94q', NULL, 0, 1, 0, NULL),
('593bc727-96c9-46c4-8a24-ffec3cd5ea8c', 'Ortu Aishita Zulfa Setiani', '0063661413', '$2y$10$QUTFHB7HqmRhSuugn8.GP.mhH7d3xaZqKiC8eJwe0tIecJfK897gS', NULL, 0, 1, 0, NULL),
('59ee3007-23ab-4c40-b882-0bf01582f22f', 'Ortu Najwa Ayudya Chairani ', '0062444427', '$2y$10$sOlEaXzyarF5RaD2EJ7Gq.nGP5ez5kChSClNOO7WhGJFMG6EhISlO', NULL, 0, 1, 0, NULL),
('5a39dbcb-be35-4bb6-9867-2113847f7e77', 'Ortu Arya Muhammad Rizki Putra Pertama', '0069883398', '$2y$10$Amg2q5x2.4SKqLiVCJStWuvefogQg75Ko7Hy1n382Lc1Jq4rHBEvC', NULL, 0, 1, 0, NULL),
('5b1cd2ac-3596-48f1-bd4c-282df00ec87c', 'Ortu Fadilia Fatika Lestari', '0038973484', '$2y$10$HzrD8oxInVRp4pZdMvcBvOfGISdL9YkodJp/esfMjLAHj5XNL99bu', NULL, 0, 1, 0, NULL),
('5b5077f4-1973-4d97-a56f-7a795f3c4c0f', 'Ortu Anina Chelsea Haniariskika Fardani Fitri', '0059348854', '$2y$10$urhmCvncRxgkOTeQqHoBvuFfa8CfVv2.Vswep4WluruqlD2KVhkfC', NULL, 0, 1, 0, NULL),
('5b527805-d624-4f3b-b775-69ce4c597ed5', 'Ortu Irrena Zahwa Khairany', '0055284870', '$2y$10$F/NtFRq0hLgkOBYVG34HNe1sIEpAZqyr0PdAZCF2TlXtU6hD7lNRm', NULL, 0, 1, 0, NULL),
('5baf6a6b-8673-4c92-b494-42e94a9a6dd2', 'Ortu Muhammad Diva Aulia Hadi', '0053299203', '$2y$10$v.yE9JuB9b9lbVn8BxtYG.oht3So2jMZYgI.sW3GJycyPCdQ4uC3a', NULL, 0, 1, 0, NULL),
('5bf9133f-a60c-453a-928c-3ec46cabfe07', 'Ortu Sintiya Dewi Mar Atus Sholihah', '0043376762', '$2y$10$I9fCeWC1gzb7V1Tl6wdb3eukKhBRBGWDc61FjLh5q7r.Q7GKQ6Mqy', NULL, 0, 1, 0, NULL),
('5c8ecfdf-6a53-4ff6-9ae0-71b6d4d556ea', 'Ortu Reyza Abror Al Hafidh', '0054454560', '$2y$10$.pdMdo6TdrM33fQ9WIqGX.uVsNuVDxh9D6/Z06WyMEQ1ooNO8iv52', NULL, 0, 1, 0, NULL),
('5d415e35-4a58-44ad-ad5a-8bf3051f8d87', 'Ortu Agil Ariya Senthiyaki R', '0039509233', '$2y$10$dFOz3P8H8acsUwBj03M5seUH71WVaGnGc2HuEiA798v/78NPvb/MO', NULL, 0, 1, 0, NULL),
('5db2b4f7-0ea4-4966-9af8-e83c73c6167c', 'Ortu Muhammad Rehal Sa\'ad Finaban', '0051811774', '$2y$10$aourHPzoOc0ewfecdjwd1unE19r8XEeSZnsBk2Zw7xu35a1HOGLjG', NULL, 0, 1, 0, NULL),
('5dba9358-1501-42b2-832d-7f1fcb78e83d', 'Ortu Adinda Risky Ayu Salsabila', '0045036703', '$2y$10$fbR08ZhgVsjumb9wEqo9qeyLuL.X88T83IPhl7V475/RZfbykAw3K', NULL, 0, 1, 0, NULL),
('5dbf0375-4c0e-4cb7-9180-061dd4e9bb18', 'Ortu Ali Yurja Akhyari', '0046110648', '$2y$10$O2M4YugiKsmxOspX5lWV8OqRh8t91fCya0aG1.kRV/bDW3ffgm/ya', NULL, 0, 1, 0, NULL),
('5ddbd350-1859-4f10-8798-5b342d68ba1b', 'Ortu Riyan Kurnianto', '0043158095', '$2y$10$puXC2SPExmA0Z3vNZSRa3OzEVNa8xulTk6FlF3pxOMLxZe51Mijvy', NULL, 0, 1, 0, NULL),
('5f012d28-372d-4aa6-b3bc-ad57283426df', 'Ortu Salsa Hermadhiyaa Jauzaa', '0043319503', '$2y$10$zCMkjZ1bUXjkY1teqq.4le8oELJPA9xDFqYvVmnAV36njxKws/9Ae', NULL, 0, 1, 0, NULL),
('5f80dcc2-1956-4c5b-9b7f-7c044db279af', 'Ortu Muhammad Michail Maulana Al-Hafidz', '0053764414', '$2y$10$orITYRClmXEy03rowNU99.kNSR8hkjvxUrbd.kKDMVKp2uWAIUSl6', NULL, 0, 1, 0, NULL),
('61678c7c-b586-40cc-a920-66f89c3b481a', 'Ortu Muhammad Tri Juliatmoko', '0041073874', '$2y$10$5nhRppndjSU8myl3ngV5xecKpx.kkGyJZH.acLVl24Vzaar3GT1jq', NULL, 0, 1, 0, NULL),
('634b731c-e792-4831-ad6f-0bb9e29798d1', 'Ortu Rosliana Adira Okta', '0044755183', '$2y$10$Ouh2YJbtRkPuJADrOwBnVe7bTBKd84QpaT53a4/0H1aNCQYaLKJaO', NULL, 0, 1, 0, NULL),
('63a92a73-d20d-40c7-8cf4-83ba3dcc0ad8', 'Ortu Farhan Akmaluddin', '0066019914', '$2y$10$HrHmSsF2Z.4nHS8VyW5ozOzWXYdOrmvGeDCOia8.AGK.4SD/Gb3ai', NULL, 0, 1, 0, NULL),
('6464a84d-801f-43d4-ae73-24bc4079a8d5', 'Ortu Ghulam Maulana Az Zakkiy', '0051470754', '$2y$10$4YW6Mf97YJHjfua9G659aO2YBts7NTMAaUaKPZxhNX9ClTYeL09Rq', NULL, 0, 1, 0, NULL),
('6514ada1-26f5-43f2-a535-47ca9839570b', 'Ortu \'Izzatullah Labibah \'Ulya', '0051015817', '$2y$10$mrescqVSnlh4Ypy05FbwauaYrAz6Cbaf1gfxZHw5izBB2YOHzKkdS', NULL, 0, 1, 0, NULL),
('6558db23-b543-477c-b6d8-b593db6ede7c', 'Ortu Laila Dela Mareta', '0065518592', '$2y$10$Lrl0oiHKeVnZ6hvSojBZbOABk7rIAIbGk4lj5mmebmX1IAzwVRXLm', NULL, 0, 1, 0, NULL),
('65926e17-8333-4ffa-97e2-23d169f12615', 'Ortu Rafa Hasna Aurelia', '0052935444', '$2y$10$g2.mUzEo4WbRaSPK.LQnL.rjPZxDP6PQr2A5ZCYiDiVT6Wus3FJzu', NULL, 0, 1, 0, NULL),
('65c891ad-2959-4836-ae39-bc3c2515b7da', 'Ortu Kevin Firmansah', '0043496261', '$2y$10$klKz44bYKDTC6vxkQnybauoNmroetZHlzvxXhjt.WwZwjgf64anAS', NULL, 0, 1, 0, NULL),
('661466bc-3473-46be-9795-ceeecbe69fd3', 'Ortu Cahya Awalia Indriani', '0044070824', '$2y$10$KV.8TfcbNdnQOIqc0bUcEeQtNqxky5JdxHRQOJ6BugrMu6.f4Fxs.', NULL, 0, 1, 0, NULL),
('6623b24e-fcf1-4d4d-b50b-88636472197e', 'Ortu Ichwan Baitul Izza Lubis', '0055931297', '$2y$10$iRtp.lSHCzRuckWwJpJtse1KR1xPCdXHsvSzJsIk7Y7N/WXmcVvxG', NULL, 0, 1, 0, NULL),
('662833e9-23d2-4818-b731-67afe5dff124', 'Ortu Khoirunnisa Pebri Salsabilah', '0040795313', '$2y$10$FrMb3yFMyzHN/eKN7ffWcOYQKJZJjZBhyDNOGs1kcAHbd1x.zC0OC', NULL, 0, 1, 0, NULL),
('6633fd2d-230e-4c52-ad8c-65e8953f3e04', 'Ortu Muhammad Afif Iza Mukhta Rengganis', '0047638580', '$2y$10$ccTWAw1mwx3GP4VwAhpeeO/gQe.6OV5AC4V7vqj/dFe3lSbLn1rGe', NULL, 0, 1, 0, NULL),
('66f68d2e-c1d1-4214-a4ee-e3d19d886e1e', 'Ortu Wellya Faqih Maharilmi', '0053482490', '$2y$10$l/J3gQ6CddpsChQFMuFBQe/cob19CyyigAwLvwYAVizxuBcKMzNMW', NULL, 0, 1, 0, NULL),
('67f9b695-23bf-4a7a-b3f8-acc5913ecfcf', 'Ortu Ichwan Baitul Izza Lubis', '0055931297', '$2y$10$B9jCTP.t/PkjEja4sT9.yO99UMBj7UVjqc.OMPNQV.p/nSN.QazG.', NULL, 0, 1, 0, NULL),
('685292b7-3c72-449a-88f5-fb24772da907', 'Ortu Divvan Brilliant Prawira', '0044596143', '$2y$10$3mCgG2Hh0Mn5awLfdbJWHeFhWpJygNZofPSjOyHjHR0slEsf0fOdS', NULL, 0, 1, 0, NULL),
('69327c8d-897f-4970-96b2-43a61cedc85e', 'Ortu Najira Nur Khatsir', '0062079303', '$2y$10$GFsYY5KJ/.mJhcPhB3cGAOX/v3TQ2COo0kQrEtzNPsMORKVGBqi0.', NULL, 0, 1, 0, NULL),
('6a77d272-e49b-4851-b6ab-0fc2efa3be27', 'Ortu Yuri Kasih Amalia Nur Aisyah', '0045166484', '$2y$10$tiamwaxHKD.OMWLNfJGTBOx.kUVGqhdSO.yei3msk9Mq1FLupYzAS', NULL, 0, 1, 0, NULL),
('6b472a5f-c2a6-4ae5-89df-c3c6163b79be', 'Ortu Devin Raditya Firdaus', '0048745341', '$2y$10$RzinWZPwXM9CMPDiD3Uc9eZNkPFUFkuAInODyFoi.Vob0uGgTofqy', NULL, 0, 1, 0, NULL),
('6c98b9e7-f683-486e-b32a-c581918d2d04', 'Ortu Ova Maulana Alvareza', '0059386237', '$2y$10$6CpQ/Zui6bzEpcju5wG1juO6m4Oc0B/fa7GXUdrU8.GLZsu7BWfde', NULL, 0, 1, 0, NULL),
('6d76fcd2-f89c-4803-a5bd-0cabe06cbde3', 'Ortu Sulthon Jamil', '0043493392', '$2y$10$IrWZK75THCHiohzikvL3xObQJymSVDYThVNuD/yW.cQtfWYn8ZEZC', NULL, 0, 1, 0, NULL),
('6d7f9cb8-2047-41e5-87c5-bb689378b300', 'Ortu Nidya Izza Naura', '0063420994', '$2y$10$R3.cpmnElNv1ELpScu4gIeInY.WUdcsUy1lZZ84pw7OMzyxZBR79y', NULL, 0, 1, 0, NULL),
('6d868013-2305-4d0a-9df2-adff330ed275', 'Ortu Dini Dwi Rahmawati', '0044070839', '$2y$10$tISmV2nRXCUUnANoTDgRTe5b3Odz.L9zlwtnjAeSGgKukUKeVhkf6', NULL, 0, 1, 0, NULL),
('6dbfc233-da72-4916-9a38-4efeaefede80', 'Ortu Amelia Meizy Irela', '0043614408', '$2y$10$tmRtJJIx/Z4DMYYS26Z0puS.MsgW8kQZ.Nct58WjmdclgFfirrG8a', NULL, 0, 1, 0, NULL),
('6ee0f25a-f452-48c2-a775-53f71e2cb07b', 'Ortu Aji Prawira Yumar', '0045978952', '$2y$10$/QlaLY9siQPoO3VYbSkCsu4RDZNIEut83GRwBdK62mjso1aYMkTp6', NULL, 0, 1, 0, NULL),
('6f5b3956-0341-49f7-9822-dbdaa643068b', 'Ortu Ageng Silmi Pinasti', '0052125904', '$2y$10$vyl1WsWl96S35kx/6OblZ.ltPzd2GT2.itND4Fe9E9TJ8ZzCe3j6K', NULL, 0, 1, 0, NULL),
('70abf183-3763-4f73-ace4-479d38980bfc', 'Ortu Nanda Lika Aulia Putri', '0056181992', '$2y$10$tCT07SRghX2nbYZU5h6ga.CfUHoLBcpyI0yVJ3lu7.JTGiL8NJc8S', NULL, 0, 1, 0, NULL),
('71271bcf-340a-46d3-8d58-c9971a737dee', 'Ortu Angga Kaka Liqo', '0046675483', '$2y$10$Uui/6NpX5MOCbZOe8v56LOu82xpGVRXyXzRiXsv4aFgzL5yiyKm8.', NULL, 0, 1, 0, NULL),
('7169b677-f599-43c9-bd70-015e777f86be', 'Ortu Tiara Octa Febrilian', '0063617530', '$2y$10$aJjcFBW5ArnC58fwGla80OzUx3QzVnsovoFxRl0mr4ZM7aXKx3Q/i', NULL, 0, 1, 0, NULL),
('72dddd80-11cc-49aa-b8d2-88fe9492847f', 'Ortu Sakinatunnisa', '0032220659', '$2y$10$UErqzRbKxPAoiWlbMFs9b.uqEzllTPaGiLeCBmCu1pCgKqbHMEjfe', NULL, 0, 1, 0, NULL),
('736e3ab3-306e-41b4-954e-8ac15af43f06', 'Ortu Amanda Syafrina Aulia', '0063473298', '$2y$10$Z7rOSk3G7K.gUWrRl58vAuaBmZSATAsVeygTgselSR0Fa2scr4LF6', NULL, 0, 1, 0, NULL),
('7539af06-b10b-4920-acbd-0bbc6229bf6d', 'Ortu Ega Izza Abdul Dhohir', '0044972331', '$2y$10$6Gy0QqQ9mbqOn7htRZroKepu7Qy4K.ncGLtFYpeY0BF7G/fy5iuGm', NULL, 0, 1, 0, NULL),
('753ab946-19c9-4f4f-a057-f91c3f03591b', 'Ortu Dhohir Zakya Satria Triyoga', '0023607068', '$2y$10$hX6li7aEy9BdYS6bVezioeJkp9xsLMZSltvEomNfCt/WDH5wupByO', NULL, 0, 1, 0, NULL),
('75bcddf8-9d49-4762-9d35-dbcc2b691b50', 'Ortu Khusen Abdullah', '0047303080', '$2y$10$z3Db8iHDi4FvFFw/iwoFl.q9aClab8wpodZI7F/af063dzfxtGzTS', NULL, 0, 1, 0, NULL),
('761b60b6-d4b9-4f63-af03-dc213cd20172', 'Ortu Fahim Nur Amalia', '0053299208', '$2y$10$FmDc37d/5Z5OhbKq7VudSeZIbTSMY4N89cdDMAdifimb5F8y6tuaS', NULL, 0, 1, 0, NULL),
('762f7efb-67cb-432c-a8d7-44e39de3dd66', 'Ortu Raya Handayani', '0042018496', '$2y$10$igPUmOVxjWnt9ArQCQUsk.ymLWycCY8BivhEW4Ht5ueSWCLYYvUT2', NULL, 0, 1, 0, NULL),
('76a1ab2f-1909-4be7-b0b8-2b38cd8c0a3c', 'Ortu Tri Wulandari', '0069547573', '$2y$10$/4u9nJmWFufJv6LvrgRYxOQsnyBDBDNa3ZBe8xUlBRdVDnTwGIbxa', NULL, 0, 1, 0, NULL),
('76aa5352-0d1c-4939-a2f0-5b5de9e6277c', 'Ortu Mar\'atusholiha', '0057059206', '$2y$10$pcMKaSfVIkZe1z9MlKsaS./EstywJ9wQB8UgVrGWAjTuIU/O97Bqq', NULL, 0, 1, 0, NULL),
('7760cea1-f740-4d11-83e0-68368860bfcc', 'Ortu Syaiful Anwar Ibrahim', '0055703804', '$2y$10$nuyV4nt6xHDZpUB9z2ZbpOYdvHIWOrpXWcBsSaIetORsVV5Sfwd7u', NULL, 0, 1, 0, NULL),
('77694809-07c1-4007-b2c2-21c56cee1213', 'Ortu Lu\'lu\'im Masfufah', '0056522585', '$2y$10$TJBlK6Lf0UxzKW9p6OUdH.MHthapKabH/R0wm1.RjWKIygrO5vXBm', NULL, 0, 1, 0, NULL),
('78431a58-5e05-4173-87c9-67b0b81fbed2', 'Ortu Ahmat Roychan', '0034928699', '$2y$10$QPtUWV4Qeyc/UD4nYagpSuA3uufM/axCebc1XZ6HJDyxLbkTqkg2y', NULL, 0, 1, 0, NULL),
('78e432dd-53a7-40d1-abe1-32ceccc46621', 'Ortu Novia Rahmawati', '0047026225', '$2y$10$H.3oWg9RJaZjlDIBjHkKKOK6vW4hU8ciINfFbgj9kMf15EFn5XRfO', NULL, 0, 1, 0, NULL),
('7bd7ebaf-6146-48e0-a714-0cc5279b8659', 'Ortu Mutiara Sonja Triana', '0041851334', '$2y$10$rVGR1h0vsFaDkq4Oh/AP9.dv0Nen2sxT4a8P9A1Vi7WNcyqk2vSfy', NULL, 0, 1, 0, NULL),
('7df73744-77a0-4de5-a085-47c0001330a8', 'Ortu Annisa\'ul Mufidah', '0045018910', '$2y$10$tguvPLy2AOGKfnhm1QAHjOrXtiJEiGBbPA6ymxjoIf47EmP/NSsqu', NULL, 0, 1, 0, NULL),
('7e954c48-6af3-44e4-a113-d5b4cf1d42b8', 'Ortu Cerly Irma Saputri', '0057734259', '$2y$10$F.ZN.hQq2F9Hk5VyG3jYve.sy8Uu/uVQVDrEMH615GKvkEXUbnXN6', NULL, 0, 1, 0, NULL),
('7f1d8ab0-1732-4d4b-b743-323b872713cd', 'Ortu Muhammad Ade Rifnaldy Rusli', '0045930056', '$2y$10$tnki4fUJnxWSOPEKFAXpzuoRoAFAuvz3idcs6wWMFYg9sJ3Vt.6Bm', NULL, 0, 1, 0, NULL),
('7f4e2b04-6b2a-4481-ad97-96a4eb5c0073', 'Ortu Muhammad Royan Touhuri', '0068960128', '$2y$10$7Sycse7U3FIrCfIK4GKl3.EBfLd8lvliqTktU3ldI9NUrTYi593q6', NULL, 0, 1, 0, NULL),
('7fbaf20f-1d67-4640-9639-de039c6b2687', 'Ortu Dina Fauziyah Sofyani', '0069087505', '$2y$10$ECaNY9AcUK4Dj408pxsXV.W8qJvoQPlYBlIha0zP7tE3A7iqENf7W', NULL, 0, 1, 0, NULL),
('80cb8f60-55ea-4a54-a7b6-78b75cb14f62', 'Ortu Pricillia Tsalatsa Amanda', '0054621970', '$2y$10$g2/OpIpYwvtN9g6N24l9PuDfHZNQztVTCjgKp4cTr.2bxHYu.6eZK', NULL, 0, 1, 0, NULL),
('81c5aaa4-3bf8-402a-9c31-ff4018b33d04', 'Ortu Amanda Syafrina Aulia', '0063473298', '$2y$10$Mib0nnGNhDHQwvqPYaPd5ev0jpw8lOMbtXnbVx2rs.W8hHlUiTRTW', NULL, 0, 1, 0, NULL),
('81d32318-514f-492d-9f6c-ab6cc3c125dc', 'Ortu Suci Ayuningtias', '0062237872', '$2y$10$MCUKNwXExKVdVYCZMVYl2OYiqY7rqcFoAWC0KrNNPxbCo2JCDTbPi', NULL, 0, 1, 0, NULL),
('81deba78-76bd-4bab-91f7-9a0204a5a66c', 'Ortu Hilyatul Husna', '0046675490', '$2y$10$i1UGWW3tJLoIh1HWJEaje.H51XTxECQDuE/a3DSJDh9Amkdj341IO', NULL, 0, 1, 0, NULL),
('832715c8-c072-4384-b803-32936b6b109c', 'Ortu Rama Aditya Putra', '0044755184', '$2y$10$m0hm.sn9N8jjBeW9kC7ySuVcRoC3eahI5isZEe96RbwmQUJr.BLQy', NULL, 0, 1, 0, NULL),
('839c0bf9-b440-422c-943d-4db2afd21295', 'Ortu Izza Maharani Musthofa', '0044117824', '$2y$10$CK.kBNUuvcvjM8LVK7ofPui60qs1D1d1/BTgMnwO6S1tYwQC1CLV6', NULL, 0, 1, 0, NULL),
('84e0f023-e512-49d1-bf63-5b0678618241', 'Ortu Nikmahtul Jannah', '0066433115', '$2y$10$XGUScG0yAYakEEm9d5YlfO8yg4B.PKo3pHXX/JZ8uscpGaHirCdWq', NULL, 0, 1, 0, NULL),
('8508fd90-79db-40f7-b87d-a0e741148058', 'Ortu Davy Ariant Prayoga', '0056449352', '$2y$10$5ckY3E7n08dLRbNJC.2TjOSvrI4sW2r/N3XE0GUbICoXQG0JYz9ke', NULL, 0, 1, 0, NULL),
('85129f56-e9b1-43d1-bc77-fc872f681eb0', 'Ortu Muhammad Afif Iza Mukhta Rengganis', '0047638580', '$2y$10$dSmM8dFgEblR2p5C3vvC/um4SnaKK1nJ14XWsMpGZlGM3H41WYlwu', NULL, 0, 1, 0, NULL),
('85327cc1-03aa-4d7c-8ec8-903c2124a031', 'Ortu Salma Nadia Hadis', '0046672677', '$2y$10$DJSmeitY1fKbioP1VjP3zOcU13kfm3bmaVLrW0v1Bn8trznrn6kVO', NULL, 0, 1, 0, NULL),
('8643ca64-a16d-44fd-b048-8b229f2b6d90', 'Ortu Millatina Mizab Assofa', '0051038091', '$2y$10$kpxgXK5uRod5bJFUJb.YBO4PlrNa7BYHO4QX0lfp/7QGBcuyhz78O', NULL, 0, 1, 0, NULL),
('86a197e5-1a6b-4e1d-8370-d31574e0aff9', 'Ortu Riska Selfiana', '0049818812', '$2y$10$VFf14ApdiqZGNusoxGEyYuubl/HbKbVqvcSY7kX/kO5Ij8BvNATEy', NULL, 0, 1, 0, NULL),
('876bd93a-8619-479d-ba22-e8e5f04cd728', 'Ortu Dani Akbar Hidayat', '0065261063', '$2y$10$Yy1apWeHqw01w3Zu.t7qJ.iMRnwa.reSulE4zKR5sYeTre1malxC.', NULL, 0, 1, 0, NULL),
('87b3fe35-572c-4a19-adb6-b323fe7633a6', 'Ortu Hafid Dias Wardani', '0040836180', '$2y$10$amxnRenr5S2NLQht.C/We.222MPz1/q8wiUSJx.gMAe7ObROVdoGm', NULL, 0, 1, 0, NULL),
('88c32c5f-069b-4330-b4c6-8356a8e8ea43', 'Ortu Reyza Abror Al Hafidh', '0054454560', '$2y$10$0i4YamEia67l3N/EtWSJ7udiUXfAP9DXReKb/wjlPdCEIlexC9jDq', NULL, 0, 1, 0, NULL),
('891a7800-d5c1-4dc9-af9b-a27d3bd0b65a', 'Ortu Revi Amandania Ariyanto', '0065302424', '$2y$10$YIK.xK8PLTg34oEpiuTcKO.2b101mSeeFP3.0EAOjLkSpt0Sq6XXG', NULL, 0, 1, 0, NULL),
('891d1cb5-69a3-41cc-82c9-dfba99e9ab42', 'Ortu Sofia Nur Alisya', '0052632827', '$2y$10$nY6VWNtS.QmmLgDOGg1GB.NO7VUUEy2TFb1uto7kXHlEq567WT73q', NULL, 0, 1, 0, NULL),
('892ea262-6e26-46fb-9439-7efc9dabb1de', 'Ortu Ade Irma Yulianti', '0043250906', '$2y$10$wER3K3S7I4mK3M8ff2SJ.eJsvwaoPrCaBgB78ZJkXiPW99gIMGqbu', NULL, 0, 1, 0, NULL),
('89aaafa7-6ed9-40fe-a2f4-eda90b282424', 'Ortu Luthfi Dzulfikar Yudyanzah', '0067666394', '$2y$10$NlMIREJMqWDIn4sk9YQFqeyucj91aqvENhN6AFsF0SPd6zouRguni', NULL, 0, 1, 0, NULL),
('8abd7100-d834-46c2-8636-d9c01f019099', 'Ortu Akbar Alhadi Nurohmat', '0052010187', '$2y$10$dIr0oDKWVmph3BUaa577V.u3sZ9TbAoNV8fvkSDydocLpfDo9Srsm', NULL, 0, 1, 0, NULL),
('8acd60fb-bda7-4496-982c-7daaaac81331', 'Ortu Pramudya Izza Arysta', '0051872861', '$2y$10$adBiNUe0ZTygbQnbdS6lxO9yiOLeBSZNLOlgxcoApLJIYofn9nLj2', NULL, 0, 1, 0, NULL),
('8b5fe15c-99d6-4d99-a130-5c7b14d4243b', 'Ortu Amar Musthofainal Achyar', '0062577548', '$2y$10$d.jnukxq24CSePlaBVItju.eZ1xl7eEie8iw/H7K/sbv4Py52NNdO', NULL, 0, 1, 0, NULL),
('8bb089c9-0bb0-41ee-a3ea-a9c582bf5ee4', 'Ortu Luthfi Dzulfikar Yudyanzah', '0067666394', '$2y$10$OdIG9xP1qkr.2NPcPXrouu1f8bYLrODHnl14kvS0XqFdz9cF02Em.', NULL, 0, 1, 0, NULL),
('8bfb8650-849f-4f43-a9cf-6b30c1ee983c', 'Ortu Nisa Mahmuda', '0044972325', '$2y$10$FV4pipQup3muUUtotjqQkO/UYCEDh0cAx.tjoCthTukxF0hFG4Jzq', NULL, 0, 1, 0, NULL),
('8c355ce1-e0d8-4cc2-a37a-5d720dfb5b26', 'Ortu Nurul Hasanah', '0046695422', '$2y$10$b141rcItrmJ3tV4S0NTB/.lje/eXy6lI8D4rgKykI.vzxl150b.8C', NULL, 0, 1, 0, NULL),
('8cc1f547-2ea4-44d3-a364-1b3965957946', 'Ortu Tibet Radjashaaba', '0066763973', '$2y$10$32LiPiX3BVrC6ZtibUETF.NPCG523HyPeguJQyb/QJUGReVLVTZWq', NULL, 0, 1, 0, NULL),
('8cd65258-f9cf-47b0-ba5b-f4bf5efd965d', 'Ortu Diyyo Nurroikhan', '0043998630', '$2y$10$4SPqDO4CWw4Kc4LbNA1s9e.EC1blOQghNnnsjJnZ/mV3I6sM1pNMS', NULL, 0, 1, 0, NULL),
('8d92909e-e590-4092-8005-e6462146ab1f', 'Ortu Linta Aprilia Abdila Faza', '0040471681', '$2y$10$Zyle9SKhvNLIXw7Ujm3s0emMfCneRTjduxXZrXISUuRAyDC9eeebS', NULL, 0, 1, 0, NULL),
('8dbe9330-1a28-41d9-af06-890edad99599', 'Ortu Ghulam Maulana Az Zakkiy', '0051470754', '$2y$10$Xy74AyKBqgJAPTg4IZQBleCe9HF3/D0RNnD8nvkqOCSfcZqurS0l2', NULL, 0, 1, 0, NULL),
('8ddf358f-5f9a-4d5b-b4d2-3f5aec24ce2e', 'Ortu Dion Nasrul', '0037111618', '$2y$10$rOeoOziuK5TqXMZ90RWbjuVVhm3GSVaoYq8pBRBmgmkTbcC1XKraK', NULL, 0, 1, 0, NULL),
('8dff7a4b-bf58-4f7a-983e-acff5af880b7', 'Ortu Ogi Alfian Thoriq', '0062674235', '$2y$10$YQ/Z2V7FoxsIwaP.38rwE.NdWDlIlrJ0O5pPWa5aHn9twSp1F4kZ.', NULL, 0, 1, 0, NULL),
('8f3000ed-7347-48df-adaa-abaa208d06ff', 'Ortu Nadira Qisha Adelia', '0065410318', '$2y$10$S87KlN6Fxf5Or.EurX3uLO891/l3UBR5rcXv9Shs.zp13koi.nobG', NULL, 0, 1, 0, NULL),
('8f76583b-d28f-4448-a0fb-b1552d892171', 'Ortu Dhimas Ilmal Yakin', '0045238445', '$2y$10$LE08/Dlk92L7ATiFgB0NQuZIyx1c4ZpWTlx4U4WrTEpOw9M57SMdK', NULL, 0, 1, 0, NULL),
('8f9e0c25-4421-4baa-9c37-dbb4b7b73cc6', 'Ortu Syifa Qissisina Zahratussholihatin', '0068401885', '$2y$10$0TSzieRiYvgQ/E/I0t7RB.Q3Kah2TxfzXRjm8FBVyZDTc.6zYtPr.', NULL, 0, 1, 0, NULL),
('8fcf9ad1-288b-4244-96a2-c335f5d38164', 'Ortu Ahmad Sandy Noor', '0057410572', '$2y$10$nNswg66XOaNm36bTYJS9MueXm39x4n4n7v1CFvhhuNNNLVhLffWRq', NULL, 0, 1, 0, NULL),
('8fd07dd8-79bc-4cf3-be23-808201458595', 'Ortu Dani Akbar Hidayat', '0065261063', '$2y$10$b46Bv2Ms/qG3J7xjnc6ukuF4NYL.NtqyxdQLG3MpXfBzR8b8NNsN6', NULL, 0, 1, 0, NULL),
('911a34e5-d725-4fb9-b64e-7f103550ed0a', 'Ortu Muhammad Ali Algani', '0053292876', '$2y$10$cYVmxRNFAof2HCKO.uJaWuprAhyEPzNnV6ds1lgaE4KW5.2gBfPdO', NULL, 0, 1, 0, NULL),
('94279816-4c67-4bd3-9be7-ab2bf3ce154c', 'Ortu Rafly Krisna Maulana', '0056923888', '$2y$10$b1NvuBLIjziZInK19K1GNuWjxUo3O0a7ceEzd5t8u9G3cyH7ACJcG', NULL, 0, 1, 0, NULL),
('94c022bc-e822-4a3b-8cf6-6e5e3b95b00b', 'Ortu Faris Al-Amin', '0046094380', '$2y$10$BbTfGZQfaCwqbOnbJk45cek7MUlpHKjxLt7pUCZAE2MtB/oHh5LRK', NULL, 0, 1, 0, NULL),
('958fbede-288d-42e3-bb8a-be7ca6e74e2b', 'Ortu Endang Dwi Nur Azizah', '0065217909', '$2y$10$6U8BqoOPcZGCPNmDofJgQ.n8M9inhn.5tyFN//IzcIaoXlGH2el0i', NULL, 0, 1, 0, NULL),
('95ac9055-1cee-4fe3-9abb-006d1c345bfe', 'Ortu Ajeng Devi Lindi Ayu', '0051811849', '$2y$10$Ny9mlt68jfMEGZBE8Rg9..BO/MnIUPAl.ffMimNRD.lB6Azuim3iS', NULL, 0, 1, 0, NULL),
('95b5773e-1835-4840-934e-f8fc9ac21a6a', 'Ortu Indah Melati', '0065832259', '$2y$10$jFQNn33qNY3dwNKN9faGtelDSkTc2pj.hyahzciVeDOZliRxRVVvq', NULL, 0, 1, 0, NULL),
('95bcabae-a929-4339-8009-df1b2b4f8880', 'Ortu Alfin Hafidh Annashiri', '0054543884', '$2y$10$oMAwA6cbuAsTTm3fjCZRa.HT/F9.J477g/nghkZGvRMKJXJoR1FiK', NULL, 0, 1, 0, NULL),
('962feed0-ed78-4275-a363-c5472709019b', 'Ortu Tezra Agustina Putri', '0043350400', '$2y$10$.l7udgzpBXkwRPnXZK/VFOHKtfilyHXhGzO.gnTDKZloEPsJRcQoC', NULL, 0, 1, 0, NULL),
('96f5092a-49ca-4a4e-9495-5fc9172d9c7d', 'Ortu Latifa Nur Isnaini', '0040472179', '$2y$10$ZefsmXgVJ5fDQDtgFJHpsOcdy50t/Ni8Vp3WKW8hKpa62V.8MVbCG', NULL, 0, 1, 0, NULL),
('9772f5fb-83a2-4c8e-9b21-050976b76cd7', 'Ortu Eprilia Nur Fauziana', '0040652270', '$2y$10$qlih91uc0Koqs5jX5RL8G.T//X7X8ge9YdOXSjaStUTGPEtyZuuge', NULL, 0, 1, 0, NULL),
('9821d942-df8e-48c7-af32-a298a87e429c', 'Ortu Afifa Sabila Rohmah', '0028292015', '$2y$10$z.4Hat/nsSmYIRyWowRree3XqPTVz2ep3aVMa.Fspis3CvV3gNZwy', NULL, 0, 1, 0, NULL),
('98b9d386-154d-496c-a68c-176355420f10', 'Ortu Saiziah Azza Agustina', '0045930058', '$2y$10$PxfTkHu6/fyV/yP8itd7.utFH119n0sjsxdozYKInZ320l5nTH8Qu', NULL, 0, 1, 0, NULL),
('991f5c5c-2a6a-47fe-966c-2bf43d9b9e80', 'Ortu Riyadi Atsiruddin Auzan', '0059264448', '$2y$10$tkamm3o27d1b.GtzIJ3qt.2zlcoV5VM8Zq.0AD35gP1GbDZHXwFm.', NULL, 0, 1, 0, NULL),
('99d5f78c-1a7c-4bc4-a8a1-586bdd072a0a', 'Ortu Intan Qhashiroh Ghatwani Aprilia', '0044197734', '$2y$10$IVTqaxox.P3ilEMzy1WrJOKmlACkAIsy4mepRbp1HlpKKPFI07LkW', NULL, 0, 1, 0, NULL),
('9a2647d3-fee9-44e2-a882-585a34a1915b', 'Ortu Ani Nurtika Sari', '0061957576', '$2y$10$RO.HsX2hslu9yRNo6SOiGubG3v3XLo7uegB6MXTccSrhm.pRYqfZS', NULL, 0, 1, 0, NULL),
('9c33ba31-64b6-4f50-96ba-239020c137a1', 'Ortu Ageng Silmi Pinasti', '0052125904', '$2y$10$iwKqu9DP0TnNFbZ120UN2eO0jz0KlJCaeo3mdxdDw.OgdTenpsVAa', NULL, 0, 1, 0, NULL),
('9d8dc88e-6b84-41b8-a842-0f9f76f51486', 'Ortu Sukmawati Ningrum Harsono', '0055540953', '$2y$10$74ny.Fk5DSmH2NMMbVxDDeHlDqwd4/XBuOvDy4S4.8Gij7NtE1FPC', NULL, 0, 1, 0, NULL),
('9e991ff1-44fa-452e-b230-48c61b580a1d', 'Ortu Muhammad Abdul Dhohir', '0055438553', '$2y$10$soJidCkfHZcL6pxpL/cZse0IzTmgW6z96vcWYUSjYnPUB8/svMVD2', NULL, 0, 1, 0, NULL),
('9f6abaf1-0a11-430b-95f7-be0fea920edf', 'Ortu Aril', '0049382777', '$2y$10$6Xc0diw/82SLpxjIiCd88OTbh1fGVLfwL2.pZyViuiRCHvEKHUNFq', NULL, 0, 1, 0, NULL),
('9f96baaf-0897-45d5-9ea6-6b7511005ad6', 'Ortu Alisya Duri Azizah', '0057353147', '$2y$10$XkmGDamziDe1sBpYVbfiDe.4iDKEwpQdXXl23dVNzO37RIxZe5U46', NULL, 0, 1, 0, NULL),
('a0de73d0-4f69-4ec8-a226-b113e87a9698', 'Ortu Yourdan Faris Alkayisa', '0059640428', '$2y$10$QvFKrt1qBn7t0yN5Xjk6VONC9Epx3IF6WFFbEdA1YksEimqr8z6g2', NULL, 0, 1, 0, NULL),
('a135f147-1923-49d9-83dd-f06587760f95', 'Ortu Muhammad Wahyu Hidayattullah', '0059113772', '$2y$10$cNdzgueza3oOK/.8OyILLu6bOSpzNXyfzVDSqsM0PGgnixaconZq.', NULL, 0, 1, 0, NULL),
('a13f8815-956b-4c81-8215-826ec845f0e8', 'Ortu Afriq Faqih Fidin', '0065275581', '$2y$10$yxw/iwOLn4p4oh7KJM/3Q.ws9JNQ7A2w7.jISrF1f45duDycZIkB.', NULL, 0, 1, 0, NULL),
('a249c25e-30c3-41d3-acba-f3a69b6f8089', 'Ortu Mochamad Ainuddin Mukhlisin', '0052404032', '$2y$10$6kh1ONHsN9gqGxVDPrkSfeI2XAi6GBFz7LQAtwuAe8VA.SlgUy8pG', NULL, 0, 1, 0, NULL),
('a29e2adc-ddf2-4995-88c4-5043ca4e0923', 'Ortu Muhammad Azalea Valin', '0058688964', '$2y$10$eod18c4br8h6z.aJ4fNj0.JpsULUuIFhbp8Mh4wo4t8cW2EkXpl2.', NULL, 0, 1, 0, NULL),
('a3c745ee-db6d-4344-9bfb-be616ce69c41', 'Ortu Fatkhur Rozi', '0061644636', '$2y$10$l6xkfoQO2fVj96s6Ji/aWOi8pXVaef/cgXfqtgebrPbZ3W9VtOhxi', NULL, 0, 1, 0, NULL),
('a4036c36-a881-4362-89f6-e068efc4c659', 'Ortu Amanda Syafrina Aulia', '0063473298', '$2y$10$bAMMz4RFOZCr/lmZa7NyrOMj9nK6kLzom8hdixtKdkV9dtHBA1Him', NULL, 0, 1, 0, NULL),
('a4f81e57-552a-4ddd-9b1e-cf41392f00bd', 'Ortu Sean Sakti Zaed Abdulloh Badawi', '0045328453', '$2y$10$EWwSbR0Xet0mF0GrbNcSm.TJSI1fqR3EKKNlY93RhJzDOpysNJs.m', NULL, 0, 1, 0, NULL),
('a5379738-84cd-4ed2-8376-d354a03cf938', 'Ortu M.Abdullah Fiqih', '0042277948', '$2y$10$ohXLfWAylfuQRS4BdYGRXeguoctHsWSxEIXdb9w8l3lF/mnaXaIHS', NULL, 0, 1, 0, NULL),
('a560825d-2a37-48ba-b45a-5a7ee85498ca', 'Ortu Endri Aprilya', '0062803516', '$2y$10$M7r9tbBJ6E40yoo9etgWgO12fJBUnQ.BpKD9N5MeYkJfFH6nCQUCS', NULL, 0, 1, 0, NULL),
('a5d3aae2-86be-4de5-b237-dfa08715a415', 'Ortu Rizqy One Saputra', '0066177028', '$2y$10$7eaCPmu4q25YJn1HjeKdkuDja/mXcVYVDqjXFXcDxsvPKT60MGkUK', NULL, 0, 1, 0, NULL),
('a5edc4e8-cb79-434a-ac8e-067d41cd54c2', 'Ortu Fergiawan Surya Pratama', '0036078797', '$2y$10$Lv9YKO1qG.OAu25FdTh8Oe1/kHZ1mGpWGj1y/sE6G/NB03oT/ONrK', NULL, 0, 1, 0, NULL),
('a6358b05-a92d-4001-a850-52f17a52c935', 'Ortu Rezkiany Fauzia Azima', '0063848554', '$2y$10$gDiXaJmNdwHWLhKu11A5s.m412fCXx42TePpZ7IiJvIxLxArK3UnW', NULL, 0, 1, 0, NULL),
('a652ca59-9ae1-4094-b950-340a4f0b392c', 'Ortu Nida Afifah', '0056755713', '$2y$10$E9jr4JlKCxCJhbbhyGwa3eVzarwwMOZheKZ4XLbbzXQ3aw7nARVXy', NULL, 0, 1, 0, NULL),
('a6e3fc01-98fd-46b6-aa85-d7174515df00', 'Ortu Anina Chelsea Haniariskika Fardani Fitri', '0059348854', '$2y$10$WeCbpvNE.d.ypwzVovs6dORKo93gWB922SVdQ4zmCO9zTxthLTQnq', NULL, 0, 1, 0, NULL),
('a7ad2834-1a73-4432-b955-3ee63467020a', 'Ortu Ogi Alfian Thoriq', '0062674235', '$2y$10$LRXx35udVjxJp7/rdNu1pOsvZoqLlOBchz7NztSbyJrcnM1on3wo6', NULL, 0, 1, 0, NULL),
('a86a8964-3849-4cc9-a5c2-ceb0f679e48e', 'Ortu Arya Muhammad Rizki Putra Pertama', '0069883398', '$2y$10$Lf4NKe/V/M3YPag55RwBs.ncJLR74RU04tWT.R2c.AedzakInRl.m', NULL, 0, 1, 0, NULL),
('a89ab355-e4f1-4ee0-bf68-d2bba2ebc839', 'Ortu Imel Rindayani Ekawaty', '0042275349', '$2y$10$DlqVHK8k8DgZR3nL4OM18OsAGvBhOePWS7hGL1EGcTArJEEw6tBey', NULL, 0, 1, 0, NULL),
('a9ddcfa5-9a10-40de-b658-4aeb56860ad8', 'Ortu Muhammad Nazidan Harikusuma', '0065497319', '$2y$10$ih4cjOw.cKALuuG4EHiApObIa8l.c/zNVmqSHUYXWF.zlXhbtAhnO', NULL, 0, 1, 0, NULL),
('aab5fb38-893f-4f2d-8aef-c0e20ae4d819', 'Ortu Yumiko Adelin', '0040372837', '$2y$10$.DKNuvMzYXBWpwTsokzoRuSUfuD1.j2maOgJkrNlZRdg9uKimFnTG', NULL, 0, 1, 0, NULL),
('ab4a42ef-6aaa-494b-8710-348c2106ba3d', 'Ortu Tria Ananda', '0035159078', '$2y$10$JYcNVAW4iqS6a5MkATrEUOgwE3qtSXykq8exYi8AJHQ5IAtLrk0yi', NULL, 0, 1, 0, NULL),
('ac1b6141-7c94-4c35-a2de-be24866c4c0a', 'Ortu Refana Naimatul Magfiroh', '0066369224', '$2y$10$wCktB0YsqkE1YGuQ6C01dezaQlmusZSEuk6854lCrsCUWtW6Y3kvK', NULL, 0, 1, 0, NULL),
('acbc3041-23b4-4519-9100-122082dc75ab', 'Ortu Dinar Taratih Wulandari', '0047590215', '$2y$10$nCI4jWc4i4zSb0.XdYWP8uMez5EjLhO.DV940kwwSnI9IU5egurr.', NULL, 0, 1, 0, NULL),
('acf861e8-734c-4bfc-b9cf-05cc22a1f39c', 'Ortu Ogi Alfian Thoriq', '0062674235', '$2y$10$BLfRaotUb0HaIVjUO0Z0NOOrEwp6Q6yTFaWfRIRiAONt56QGgnoZS', NULL, 0, 1, 0, NULL),
('ad7cb722-185c-41bd-814d-d70a6f1de5b7', 'Ortu Hanif Jibran Novianto', '0055318969', '$2y$10$KrROg2IF1W4N1UpfyhhObOqPzVk0e21VJv/XVeHb0DRSfPUjllnGW', NULL, 0, 1, 0, NULL),
('ae315775-dd57-4511-840d-e91626233d56', 'Ortu Faiz Hasbi Maulana', '0055135958', '$2y$10$0ecmi7G2LFsPz4hyqKqJUOAcfACiBsc81R94X.6MptXOzf1aQWxMy', NULL, 0, 1, 0, NULL),
('ae3ae320-f664-4048-b2b9-3c2697d5f29f', 'Ortu Muhammad Hafid Prianto', '0053710697', '$2y$10$sFfyDE2I41HYT/M5jnEybe1Iz1Yz5tYvuoVD9oGCovQFyUOcXDg9K', NULL, 0, 1, 0, NULL),
('ae4e7332-77af-4da3-a5f4-40adcffb33a3', 'Ortu Rizki', '0020448371', '$2y$10$nf7dH9XAoElldksYhJ9ACu8aMoXQJ5eRMxeXbupCfpZwUaV3JnY4a', NULL, 0, 1, 0, NULL),
('ae60fdd3-6fd4-45a7-8b59-830ca4f9edcc', 'Ortu Shine Alif', '0047618543', '$2y$10$NXk7ZrWgStv0//24K8s/xOze6REi7YdysgPzFUyMaN6hYhej6t.l.', NULL, 0, 1, 0, NULL),
('aefbebb7-7dee-4bfc-afcf-9b21fc872759', 'Ortu Yenita Rasyid', '0062848927', '$2y$10$KOfFyd8JXKU8gwS.Kx4c5u7AumO6ClfRDh9hKt.9ghwzZQbpH7ysG', NULL, 0, 1, 0, NULL),
('af0e3502-133d-440d-b4f1-b96daf8509c7', 'Ortu Ahmad Rusdi', '0068281755', '$2y$10$YoLsXzlEOqsMGdm988rQq.pqfxCp0mkqBdC0.WJJTcV5wYUNPjuty', NULL, 0, 1, 0, NULL),
('af7d4d92-c6a6-401f-b973-155ce0162e74', 'Ortu Firna Nahwa Firdausi', '0050532170', '$2y$10$d8KAC.8P6X/PY4vikl..tu3z10Sf4bZrEcgr55X05eCslBwtjXgv2', NULL, 0, 1, 0, NULL),
('afad9146-edd5-41c8-9436-47c4e94249da', 'Ortu Tirta Ahmad Fionaldo', '0065634694', '$2y$10$1P74FWr/QSlUK5GV95nleupvp.pyGR1LMoUdOLYgObDKMXX8IFL/O', NULL, 0, 1, 0, NULL),
('afcd8f18-2802-4c35-b5df-ee32bb13b264', 'Ortu Cafa Dara Nafisa', '0059002125', '$2y$10$hCLMSfNpg7uwwiTNOP1GiuO/bnYQa30c3tLZGmqs4uIrOzei0PkVy', NULL, 0, 1, 0, NULL),
('afe562d5-983f-48b7-9a60-5ebe0c2d26ee', 'Ortu Moch. Noor Yuda Pratama', '0056562302', '$2y$10$AmREgpAKsA2WMkR/u/j7D.uVq8ubX0Va6ak67vs677Y2CCPXNR1Ym', NULL, 0, 1, 0, NULL),
('b09036ff-d447-4a98-b769-e13446f176f3', 'Ortu Juan Daffa Dzaki Aldhisa', '0057112969', '$2y$10$vKxNnIsdqKGFkfqT5/En9.pF7TgqN5jg7K7RxsfQ19s0pPeH4A8hG', NULL, 0, 1, 0, NULL),
('b098479b-8a19-47a0-8217-06e31c8d7071', 'Ortu Tirta Ahmad Fionaldo', '0065634694', '$2y$10$pmLirEcVF//glyyuZdCLz.K6pe.pvV/8A8yoDTKinCGKQayM7Bf3q', NULL, 0, 1, 0, NULL),
('b102a983-7114-4683-8b00-2fc309161625', 'Ortu Risky Nurfadilah', '0034463513', '$2y$10$x084DUBiriYYkNkWjUF4LunzkuArXs8MFYQBNfj5.Iom8a.ymEUCK', NULL, 0, 1, 0, NULL),
('b1a58bea-c93c-4c6e-b2df-a5cbd89a1e79', 'Ortu Nabyl Ubaydah', '0062375585', '$2y$10$0prc8droIUlYqnCDJiLmneqNRj.ReZg.RUvjIk8OFFxn4NiKbmDg6', NULL, 0, 1, 0, NULL),
('b269b03f-0fb9-4244-b562-90b7062af8d8', 'Ortu Sofie Aulia Az-Zahrah', '0035303156', '$2y$10$mGmhhQjEO3PMWgf8tKbAreADAaicdgJN.w/0nGIrUD617pd4sZr9K', NULL, 0, 1, 0, NULL),
('b2a147cc-8669-4736-9584-a4ac0f83ce2c', 'Ortu Sela Yupika Devi', '0058558243', '$2y$10$45djqqupT.8Xqt59AdA6iewbUhjL/Vz9e4tMd/ZL8eI.N4l78Z6pK', NULL, 0, 1, 0, NULL),
('b3bca77b-61ba-40ca-9faa-159486754b71', 'Ortu Bintang Nur Hasanah', '0055874423', '$2y$10$9dfgVWUXnloH8pttSy0VE.2SyFAAvPmQXGxUyhJEm9qWskE0aZuly', NULL, 0, 1, 0, NULL),
('b54b95a2-5541-425d-8cb4-a43f3c2c244c', 'Ortu Muhammad Ridwan', '0056146704', '$2y$10$3kHJfXMCp.loQw/vz1Kfj.NOKEWtAIafmAlD78cWyK57Tx.ZC2TtS', NULL, 0, 1, 0, NULL),
('b580c58f-7e55-4128-8ed5-b5273c0ccc81', 'Ortu Zaka Fadlola Qurba Toibin Sudibyo', '0035135489', '$2y$10$gPOiYRtbYYCMwTSSprdpOeqIaBEArdJ17NDNSzGqAUzOovH0KVeQK', NULL, 0, 1, 0, NULL),
('b5a74fd0-e4da-43d3-8cf1-0de1301c59fb', 'Ortu Tiara Dwi Cahyani', '0061748081', '$2y$10$C0KTU4Du4WKozfn/1Tzre.cIl.VCz9Gx2.LWOy2sjUQGQTBZC7Tvy', NULL, 0, 1, 0, NULL),
('b6df18a8-a564-4fc5-a1a7-4307e70cc998', 'Ortu Muhammad Siraj Muttaqin', '0048754114', '$2y$10$mwSdoP6l7Y.SB2omAtG9c.z.Lo8iTbrk3GMPQsUxH6T4p1KW0PeUK', NULL, 0, 1, 0, NULL),
('b7f4df9b-987a-405c-bc02-af6638075160', 'Ortu Amanda Riska Trisnawati', '0043040755', '$2y$10$59T/DASw5GugNGn.JRMzde5JbppT.1iMCGC22IBOsvIqH0KRSMZBa', NULL, 0, 1, 0, NULL),
('b838b8ad-55f6-426a-8e66-e954ddec7efc', 'Ortu Rizqy One Saputra', '0066177028', '$2y$10$r.luhJa7R/.R1KLi4D3eE.p0/t3azbKoQRkBz.8IP/jT4m1SQa6Ou', NULL, 0, 1, 0, NULL),
('b8bd88bd-4b42-415c-a3bc-552542b24369', 'Ortu Nisa Mahmuda', '0044972325', '$2y$10$C6l5s2.pP/d2DL1himmf5.N3O1o/cUdvyBKMVNJ11e3931KjmjlgW', NULL, 0, 1, 0, NULL),
('b91452bb-70e1-455b-8b04-df46b6b10f72', 'Ortu Irkham Faza Isnada', '0053837265', '$2y$10$c1DYMl3ZtMCqq6dfVAH4GOk6Z9a0KvzmSBeTQlMMZOr1WFHl9E50.', NULL, 0, 1, 0, NULL);
INSERT INTO `users` (`id_users`, `name`, `username`, `password`, `remember_token`, `level_user`, `status_akun`, `status_delete`, `last_login`) VALUES
('b9479c55-304a-439c-95ca-550762ed9864', 'Ortu Alvin Ahmad Kurniawan', '3055953587', '$2y$10$rA9rk31lgOs0sMHV2TSfRuEeMc/kgqq2E8D0rDE/XggJ5tRkgPK.G', NULL, 0, 1, 0, NULL),
('b9d2b529-f54d-43ad-95be-4e0142de70f6', 'Ortu Fachrul Nauval Ardian Putra', '0059398934', '$2y$10$9eBw3VA/cRYAAZUfuHJ9juKRsFU.RREenvaceQ58i3yUSKMC0W4Ei', NULL, 0, 1, 0, NULL),
('bb5bd88e-9440-4b2e-8309-9b88ecc86815', 'Ortu Arya Muhammad Rizki Putra Pertama', '0069883398', '$2y$10$HskW5u16/mCbOAXtlEMn.Ocz6CJdphJe25NOttMaPw2tlPv6mHTs2', NULL, 0, 1, 0, NULL),
('bbe5b254-a58b-4ad8-a981-32343ec92d12', 'Ortu Fitria Nur Handayani', '0033363020', '$2y$10$T0JUjUZsXtyMyqIc7bwl1uDasSUzD.O3EDdKuZ.PHOJDKscD2i6DO', NULL, 0, 1, 0, NULL),
('bc134eac-2f78-4636-9086-26dd1613de1b', 'Ortu Hilyatul Husna', '0046675490', '$2y$10$xOIMqxaZ/Gnvo64plGXXa.DR0HcHYH1VufW62JzVavW77rTiOtkb.', NULL, 0, 1, 0, NULL),
('bcb18b60-b1ac-48b6-a89f-a20f9799b772', 'Ortu Tiara Octa Febrilian', '0063617530', '$2y$10$3zPm6WlqB70gGd2Wvy9cMueS/XpT6NC3foBH9wKdRLDK7neTg.ne.', NULL, 0, 1, 0, NULL),
('bd6dd1ec-9b4e-443b-9401-24949fae74f4', 'Ortu Izzan Muhammad Rifky', '0034045267', '$2y$10$zzbOB.7o0ntRLgggH9yKrO/PrYhvoPOavHKPfXdCJ/LjogLgWQurm', NULL, 0, 1, 0, NULL),
('bdb380e8-ecd6-4e2d-a69a-a37d82182349', 'Ortu Miranti Safina Tunnajah', '0042159651', '$2y$10$zhmcXKv4wFcb5rNWtXGwwO9GhlhAeQlq.a9y.Xz1Vf.LGwfHaDyDS', NULL, 0, 1, 0, NULL),
('bdc0f810-5991-46b7-a735-db30018f8cc8', 'Ortu Indah Melati', '0065832259', '$2y$10$vpYTECdd08/hsbOEuDKhjOQkha0tbecxz30vXinQMHQQE2IH41cVO', NULL, 0, 1, 0, NULL),
('be962e61-2d2c-448b-b1f9-19026a6194b0', 'Ortu Prayuda Herlambang', '0035993769', '$2y$10$ZWJHzyetdkVmx5eMhp7dFejlMQ3YIdHKsD3vV69BnUxTg9IZ.judy', NULL, 0, 1, 0, NULL),
('bfd6be12-2d5e-4ace-b9ef-db5a40f965c3', 'Ortu Muhammad Amin Assyidiqi', '0049477045', '$2y$10$oiKSchsweKvcJyHD.9zbMuT/IvN88BnwvC/37Td4BIkDGH7..HeqO', NULL, 0, 1, 0, NULL),
('c05efa4e-9d09-4c41-a292-d6bd0a56ef74', 'Ortu Ageng Silmi Pinasti', '0052125904', '$2y$10$IAdZbSgUovaQPcTcSsma7eef2iHZ3.Xyb18pNdonsg0EhS2pplF4i', NULL, 0, 1, 0, NULL),
('c08011e9-7ce1-47c8-b790-362b9f6ed1bc', 'Ortu Muhammad Michail Maulana Al-Hafidz', '0053764414', '$2y$10$Km.8G1NCwbm8V4.KEuCLnOAZcEvlf5GT/OOzgFg0O5arZYWGW8q/y', NULL, 0, 1, 0, NULL),
('c0e1c541-7dea-4711-a605-c2618681e7b5', 'Ortu Siti Nurul Fadillah', '0057575020', '$2y$10$/ouLM7bixwCb4xbzQ6uGxe3F98117y.tWMWeO8VtDn1kiIoSLZg2m', NULL, 0, 1, 0, NULL),
('c12b3603-274f-474d-acf4-78a552aa85d2', 'Ortu Putri Rahayu Wulan Ningrum', '0043614424', '$2y$10$ld7uIkBV8z3iY/RHt/DEteKIYkq1voKrCdtykJXO0OtsU5nxkuBCq', NULL, 0, 1, 0, NULL),
('c1a38ac3-05c6-498d-988e-ce12d16c3f54', 'Ortu Harun', '0043319616', '$2y$10$qRi.MdZOwjj.6AneMK/3Z.B9Mpa7ad1IIU3L7eVpK.m2MtY5xuUPu', NULL, 0, 1, 0, NULL),
('c236436c-b55f-47af-acec-e34d1a332231', 'Ortu Dimas Noerhidayat', '0056367397', '$2y$10$EAbDmPhzWMv2xKNcpfkaTuhzw8LWYG1raop7sbXiXiNxSs8lEPK6a', NULL, 0, 1, 0, NULL),
('c2b03713-0bab-4cab-b13a-6388998791ba', 'Ortu Defita Sari Wulandari', '0058467521', '$2y$10$.hVWJm9IjXc41MnfaR2CGeZVB87kSY.rZaQdiUrtSD0hgRvXYfk.S', NULL, 0, 1, 0, NULL),
('c3c2fe24-663a-451e-9ad1-2890830f89b1', 'Ortu Dhita Putri Syalsalbilla', '0042975874', '$2y$10$R/J6qG4ehs5AIdGV7GxS4eskbkOPdc9F9orc8v3k7fMJTGmznHj8i', NULL, 0, 1, 0, NULL),
('c42edd6c-41e5-4408-8010-ae1ed85b5cad', 'Ortu Adam Adelwan', '0037490515', '$2y$10$t9ZY0tppSv/z3FvgdSJXgeR.cktkogzdcbDfX4WMyouIxd3C3Wkoq', NULL, 0, 1, 0, NULL),
('c465911d-dc77-4b31-9d58-b5174cc4b196', 'Ortu Rizqy One Saputra', '0066177028', '$2y$10$hDVFMCOM6udP7Bv7jPygTuJRmLpikhy836hzMU5y3xTkg.7oDvRga', NULL, 0, 1, 0, NULL),
('c63a9f8c-4808-4282-87b3-84d05586b594', 'Ortu Hanifa Ulul Azmi', '0055532237', '$2y$10$0O9a3PMU0g3BFAftytDixOpRkaVQWGdRnQjAOEB.dPtxdtfUaU4de', NULL, 0, 1, 0, NULL),
('c6682027-3811-47ae-8655-bfe88697ade4', 'Ortu Pricillia Tsalatsa Amanda', '0054621970', '$2y$10$fKXvY4RTftdFU7QmrXEz3OGs9TBwgkfd0OieeNzx8KLFWml4SULPa', NULL, 0, 1, 0, NULL),
('c6fe0fb1-e2dc-4a54-a2fa-7c64c7d86aa5', 'Ortu Dewi Nur Azizah', '0056270638', '$2y$10$g4N8NE2/6h88O7fJbQfvUOlB7nuAMH/QQB8FkMWfLKUu/a9Oi0ibK', NULL, 0, 1, 0, NULL),
('c74f83a5-2f26-499f-9084-3da1ffb7f9ca', 'Ortu Irpan Yudoyono', '0048552768', '$2y$10$OL5vIK82YyCtJvLzLts4HeAslrbUR1EQBwsMxBJB8BsrmY5Wu/LIG', NULL, 0, 1, 0, NULL),
('c78dadec-4fa2-400a-99f4-0dbc3716efeb', 'Ortu Azkanita Wulida Hanif', '0056430987', '$2y$10$w63U99m94QPjaCQsirPFluswiQpLT4z2KhmacFwckhhPh59A5Tjla', NULL, 0, 1, 0, NULL),
('c7a2d04f-d692-40e1-acf3-3fcf8012d4de', 'Ortu Muttiah Ratna Sari', '0064820157', '$2y$10$q1hnTHcTTjVx7a/RwD1WV.QNIZt3XrqIftjH9wMYWWwGPuZhasY36', NULL, 0, 1, 0, NULL),
('c7c48a3c-f2b9-46b7-9d7d-54c2ded8730e', 'Ortu May Zahra Fadhilah', '0064081609', '$2y$10$6U//3.uEOAhPlAy3FFy7jelTuGahNewN7Io09e63kS68d/8Bgggzq', NULL, 0, 1, 0, NULL),
('c8b1abb6-44b5-45cd-ac43-d14c6a6d7fe3', 'Ortu Irrena Zahwa Khairany', '0055284870', '$2y$10$PL0/TdGzxvZvIk3px/qPaeSIjQGBMtd5NP.DxKsb/ql.Gk9A9jFfe', NULL, 0, 1, 0, NULL),
('ca0b1fa6-4fd6-4d5a-b2a3-dc4b5a520171', 'Ortu Erika Adra Sapphira Zulfa', '0051710097', '$2y$10$fWpcz63rvQ8cDH2RrQ9Ab.VLTNRBKBEtVRu1GqbSLHTPIjDzUok26', NULL, 0, 1, 0, NULL),
('caaed849-42a7-437d-984c-e3f508f6989f', 'Ortu Jaka Royana', '0056134992', '$2y$10$wnJptfFjvIDI65sRTIoVaeNq/Y3l5WtAbG1nej.djhiMResboRWH2', NULL, 0, 1, 0, NULL),
('cc1cf920-828a-43d1-b992-d8e5fb0b4941', 'Ortu Laily Noor Ardana', '0041838732', '$2y$10$AhmkemiRHvjxH/WtPkjrZezvt7V.0ZgPDlqGDI1SJDJqyTnKRgNl2', NULL, 0, 1, 0, NULL),
('cc325d58-dfe9-471d-8371-c6d9d48fb10c', 'Ortu Aprillia Ayuwaningsih', '0056965413', '$2y$10$y9xaO9QRSGfrUpySzSAgfecRLWXZ0NWJepeq2fRY/ixLOiLtccMrq', NULL, 0, 1, 0, NULL),
('cc9125d4-07ae-4cf1-8ec7-92619be9bb04', 'Ortu Afriq Faqih Fidin', '0065275581', '$2y$10$SmHCI1zCghyv1bBe6bFiTO7MAb/Obap6o860cGAmJJ6IMrUihlrs.', NULL, 0, 1, 0, NULL),
('cca360fc-0bfe-42e4-8281-53e77d7228e0', 'Ortu Bolqia Fatiha Achmad', '0056923514', '$2y$10$CvFck86xs4FtMiJpbOsrxe34IdGhfGQLTendPgZ1IpJj2k51xBM7.', NULL, 0, 1, 0, NULL),
('cd55694b-dc1d-45a2-a0db-dd0f016a45e1', 'Ortu Nizard Cakra Manggiling', '0043350364', '$2y$10$001fwxycbNPSUB9Ok9kP/.dn.jSaVmHBhhrJSAdrdj47c5LreYpra', NULL, 0, 1, 0, NULL),
('ce126b67-5606-49af-b91b-5b750b46105a', 'Ortu Syifa Zahra Aulia', '0055792001', '$2y$10$dd1FYPQxPIk0UldNsGi/.uF/y4/W/.z/fU/Aay76ayahsdExQzp6e', NULL, 0, 1, 0, NULL),
('ce2bec25-236d-4d20-905d-bbd602b04cc5', 'Ortu Muhammad Al Fatih', '0042608165', '$2y$10$1Eo5E54aFbIh55uHdsaFju9w.mJkyvjkoCLTXSSZ/kDqGMGLMqgSS', NULL, 0, 1, 0, NULL),
('cec125b0-7e51-4e8f-9088-e0df6552c111', 'Ortu Julianti Aulia', '0050751727', '$2y$10$KZ41hQQBbY9tuJeUWC64Lu.VpiO02e9hDx9HUTqXAAT9dzLHom602', NULL, 0, 1, 0, NULL),
('cec854f4-e4e9-4e08-b04d-ab1458db640e', 'Ortu Farhan Akmaluddin', '0066019914', '$2y$10$kwd4XIU8nAWxU8lAenTcMOqdxgAvRPc1.RO3J4i5qZ74amAYfQTRC', NULL, 0, 1, 0, NULL),
('d0424d28-6a0d-4241-93bd-2140d84c077f', 'Ortu Alif Gibran Sidiq', '0053315629', '$2y$10$zGAiRx2miULYyk8r..LbyeKIR73aR6/ZnFB5L/G.zuzdTn39FLoLi', NULL, 0, 1, 0, NULL),
('d0d698a2-78be-4480-971c-2114b5e3ba33', 'Ortu Muttiah Ratna Sari', '0064820157', '$2y$10$cJ..eE2.gL2LLYcaz3Ft/eN4fA/AyzIRJeIq/c5MbrwRnFdMZpaxi', NULL, 0, 1, 0, NULL),
('d0efc9db-dac9-42d3-a005-b2536b14d22f', 'Ortu Annisa\'ul Mufidah', '0045018910', '$2y$10$mVx/Ifp86n5SLne2SLRQs.l9XgdgnZ7EUwghK2UJ9Qtck4aVF5/QS', NULL, 0, 1, 0, NULL),
('d1715fd4-0ea9-4851-bca1-441eef8b8ec9', 'Ortu Nirmahalya Eisperanza Firdanaim', '0035891020', '$2y$10$pHAPALeso.tuEYT7wVdipe25U/MtSJdCE1OOfCf.yIF3SBMxk3ZpS', NULL, 0, 1, 0, NULL),
('d200fb4d-1b75-4ce4-a061-6aca91b818c2', 'Ortu Nabyl Ubaydah', '0062375585', '$2y$10$/BmpmsKwIXUSuGQHo8ITpeMd0gWEYypu1ZX60QJJQf33Oy3gKYWF2', NULL, 0, 1, 0, NULL),
('d28a1b16-ecfd-4403-bf55-20d929dae372', 'Ortu Revalina Dwi Nurhayati', '0042017917', '$2y$10$2TTzvFU3.LKcmrpB8VPyFeaqtE/bD0h62uFymPGo5DKRwz5wzxRMS', NULL, 0, 1, 0, NULL),
('d30b9db3-495a-46fa-a8f5-3849d9358e8a', 'Ortu Yogi Umar', '0067318479', '$2y$10$b0DTMu/U87F.GBk29G2d6OYddYhy/cSYEOivUyTSFKVO8Bk.pM7hO', NULL, 0, 1, 0, NULL),
('d3723cbe-f2aa-4f7e-b64f-b5005562fefa', 'Ortu Nayla Putri Ananda', '0055804776', '$2y$10$gNVxZBm2TajNKLSzso9PXuZvdgt7owOvruWS7r4FHGEx8dcG/h6ZS', NULL, 0, 1, 0, NULL),
('d4044d51-2e96-40df-ba6b-ca404613d968', 'Ortu Xeniar Antika', '0065600211', '$2y$10$JICs5uElEE2ZAPq4bE9ViO1Gj0ihhfRAVNK64Mi.7cUSIF4Gmdg.6', NULL, 0, 1, 0, NULL),
('d710ac35-e220-4050-82a8-7fae4831a9a7', 'Ortu Alfie Na\'imatul C.A', '0067021055', '$2y$10$jQoD1COW/GfXSCKFXNAYXOQrbr1i2f/bLDFVpiZQrIZG7CBduhpou', NULL, 0, 1, 0, NULL),
('d73b633e-9ca7-4b0b-8705-916e6cb1af90', 'Ortu Rangga Galih Saputra', '0068390893', '$2y$10$0jQKR2vzTXWg0Hj9mVLUKOsIwXTYn4kHFuh6Qpe0y9tUMfY8ig6kq', NULL, 0, 1, 0, NULL),
('d758a685-cd6b-4a70-a23d-bce03e90780a', 'Ortu Fi Janatin Aliyah', '0041371605', '$2y$10$dWEsvMr9CtvQ6pym9Iuvr.QlziOcpJBlQdh6BoXeWMd9KtKoS5AEu', NULL, 0, 1, 0, NULL),
('d7bf79c4-3c41-4357-9ae0-4a711b61e998', 'Ortu Hardini Dwike Aprilia', '0059356881', '$2y$10$VKFccCXhTD3eFB8yakI4rO5C57bU.jtoydThG.QiXSJdYgHE0AYni', NULL, 0, 1, 0, NULL),
('d9617ba5-6ec2-4b19-bf9c-ba1068c0f48a', 'Ortu Muhammad Anas', '0066632959', '$2y$10$alEaGaFEyTSdTf0Be44p6.55oxBSB4c6k8bKWZBORTuw1yHJZd/Qm', NULL, 0, 1, 0, NULL),
('d97029d3-2992-451b-8e07-c496c6e1afb9', 'Ortu Ratu Bunga Rachmalia Saputri', '0043715136', '$2y$10$pvsO/D68NIvhP7ufAD2qlOXlHLr/mDz7wfG4kidWbBGjpg7qWDBpi', NULL, 0, 1, 0, NULL),
('d9a328f4-e5cd-40af-8ef9-7b34c04ec1a0', 'Ortu Rindiani Dwi Saputri', '0043495707', '$2y$10$5EiOB67ZyC/Ul0lb3KCcbegApXgD2muTO1h9tiOiyadLSNplFZLFi', NULL, 0, 1, 0, NULL),
('db6d6efe-af9a-4860-ac54-342fd4e203ce', 'Ortu Briliana Alhan Maharani', '0052337973', '$2y$10$UM1WLNmuvvldmO4nauQeuOqysQB/DGrjG6XOVTvmt2gvZeU6lVyiS', NULL, 0, 1, 0, NULL),
('dbc7c114-883f-4a9d-9be2-d0835ba6b07b', 'Ortu Xeniar Antika', '0065600211', '$2y$10$0x3biKoA2.7YW9hw0wuDteGYee23k/d4zfd4WClfLo/0DRQ0e8i2S', NULL, 0, 1, 0, NULL),
('dbd4ff18-53e2-4a53-a9bf-5cbf6e90f4f8', 'Ortu Nasya Aurellia Putri Mantoro', '0064585019', '$2y$10$McgIA63ptztzJ6uER7j6sez3648wuPAbIijFG2QygWYk7ELYVqL1y', NULL, 0, 1, 0, NULL),
('dca61210-7e74-4c81-932a-efbe89ec131d', 'Ortu Muhammad Hasan', '0042214580', '$2y$10$TEUDqi0WN3tv.rDqLMm1mu7nHBfvkwtW120Vzl6v7WT7EkOoEye9a', NULL, 0, 1, 0, NULL),
('de935b4b-29d1-455b-bcd4-61e1a4d43d44', 'Ortu Willy Yuliansyah', '0051031986', '$2y$10$HUnnOMXJfGGWKJBQYTV00eWryCRiuQMRFwMtmqmo1mcjt7LKQvn4W', NULL, 0, 1, 0, NULL),
('dea34f25-77e4-468d-89f3-6bb9cb9b4e26', 'Ortu Azka Ni Sabillah', '0066598149', '$2y$10$H/5LynK19sGsBWsuyXGZG.GJ14/8Z6dG9/Y3qhuug9OJGD5HNjGUy', NULL, 0, 1, 0, NULL),
('df13dba4-83d8-4f59-8114-b58a85fc4807', 'Ortu Aditya Akbar Wibowo', '0043317336', '$2y$10$xFt8kJTShKU240uJ2Qw/pe8oSc80yYM.HbErw.vAMR53uoyvLPggi', NULL, 0, 1, 0, NULL),
('df39315f-e425-49b6-9263-41507cd5545c', 'Ortu Ana Maria Arbaata', '0066656141', '$2y$10$EE8GELaq1LoPZ.E2T0Ay6eLSgDR5.Gi1cVxLs7wdQ.ouBywIs0ldu', NULL, 0, 1, 0, NULL),
('df514273-5745-4f0c-abd4-4caf1f67d316', 'Ortu Aulia Sholihah', '0062067952', '$2y$10$qq8JTsUmQLkDCM8aumTfgeiUKAMjaH2Si10pIwJxb8h41TFdkQ416', NULL, 0, 1, 0, NULL),
('df768e76-0387-4e78-86fe-3e318e544664', 'Ortu Raissa Aulia Firdauz', '0039449230', '$2y$10$oIkTCa7Bp0RJ3s83GQrCFOJqv9NtOIdy/i8PwdpgyLXWBo3D0LJma', NULL, 0, 1, 0, NULL),
('df9afdea-02f4-49be-9c1f-e8e1a7bb273d', 'Ortu Rosyid Danung Al Jawari', '0043290812', '$2y$10$FIK/s/ns5RR/vlW2puROz.9zTmjuYYlIwr.jkZXlQnNwaIje/p/ei', NULL, 0, 1, 0, NULL),
('e04ecb20-ea83-42f3-bd62-fd9856c5439b', 'Ortu Salsabilah Atiiqoh Anggraini', '0063783306', '$2y$10$U88uwE7xs1B1Oy//17aEEOPGlWo2eNvDolc6/uY6BQh71qZMCqRc.', NULL, 0, 1, 0, NULL),
('e067a15f-a1e3-40d0-bbf9-d1cc921d8336', 'Ortu Nazha Meisya Ananta Al Syakira', '0052642481', '$2y$10$RCfPDjrFb//K38N4qy.8Oux6eXLqiXlT.Y66jb41JfMO1uULZI2bW', NULL, 0, 1, 0, NULL),
('e25d7f74-65df-483e-8ca4-97c6547e1350', 'Ortu Nur Safitri', '0037033709', '$2y$10$QsllruP3bPP6sUh2jCXh1uLkC740sJLWiqwOpjCzCjrE.ApbdALYO', NULL, 0, 1, 0, NULL),
('e2e7617c-aab0-4fca-9047-8b51e168f058', 'Ortu Aymelfi Kusuma Wardani', '0037033726', '$2y$10$KYLEtIHt7OBE3TsVyGDq8.i5/k93eHOf3fyMyQh/ucz6V.IjCUDX.', NULL, 0, 1, 0, NULL),
('e30175f9-3961-476b-97ba-4a9fdb1eee92', 'Ortu Muhammad Zaky Luthfi Johar Al Karim', '0059473559', '$2y$10$tRUEfi1RdB3wfpXAfejg8esZm9ohK1bVQsrZHqP9wj/SMZCutbKuC', NULL, 0, 1, 0, NULL),
('e5214587-7e2a-44a8-8b38-983f0687fc5c', 'Ortu Rahma Nanda Puspita', '0058603636', '$2y$10$TwnSpzXdVp4KKddtM8F7I.lWkUp6NtHgh6SL5OrQkGLqtdEqYnIhK', NULL, 0, 1, 0, NULL),
('e5c4e370-e1fe-470d-99bc-5f6a8c12a39b', 'Ortu Deswita Salsabila', '0051439255', '$2y$10$GYrcl0OGXanyy/0tLZD0n.9s95lXGTBFJU59m9QqFvKdi6ssnqu9K', NULL, 0, 1, 0, NULL),
('e60aefca-3391-48c9-99e8-16880320e54a', 'Ortu Taufik Nur Hidayat', '0061296242', '$2y$10$c6TUwpRfL4GZq71sVbTid.G6Xly7JhqKb9JBpbns/RAWGtd517wVq', NULL, 0, 1, 0, NULL),
('e6817df1-07b6-4feb-8f9c-95883892b5f8', 'Ortu Chinta Dhinika Sabilah', '0044755187', '$2y$10$AwDmlqHe7boNhB/C4a1kfeKWXPvI5lydn9OKnHUGv88ssgMLV4vri', NULL, 0, 1, 0, NULL),
('e712844b-e06f-48cb-a1fa-2ee6ef98ddd8', 'Ortu Ichwan Baitul Izza Lubis', '0055931297', '$2y$10$8pkljAwW22euX4QUVzai5.a4vBAoi5daFiNYzVxOU/.SXRFa7h6uO', NULL, 0, 1, 0, NULL),
('e7ce47f5-e5d2-4f5f-bdde-29fbaf797c98', 'Ortu Revi Amandania Ariyanto', '0065302424', '$2y$10$cG8JB3di0ZOnYdrOEoh1QOi4KwRhpMreplYKzuzW4b9Vlj2mzLKHK', NULL, 0, 1, 0, NULL),
('e7d71314-fd52-4e44-84ad-cb178dddc20a', 'Ortu Nidia Azizah Nurul Afifah', '0047249339', '$2y$10$ReaKq5VottZWdlTWvb4DT.fprEa/pCS5X8MZ92zvUC3OXELiwUQPq', NULL, 0, 1, 0, NULL),
('e81a548f-f95e-40a1-8c90-70dca88b850c', 'Ortu Rangga Galih Saputra', '0068390893', '$2y$10$QPOZKYQdgPkyYrh4AhQgxeY9Qve0EX2YiIMeKkIOsMAHANiwZ7gja', NULL, 0, 1, 0, NULL),
('e8329f60-1b95-44fe-b8fe-cbd91519017d', 'Ortu Anesya Mahera Sari', '0035634221', '$2y$10$G5fj3P5vDi8/WVP0E8ypIOf.ziGGqOTcZnqDmZevGC5T3/6a83Z8G', NULL, 0, 1, 0, NULL),
('e870a1fd-10e8-48ed-8a7e-675100ea4d90', 'Ortu Ryan Sholihan', '0039804606', '$2y$10$DoMGNdsyp5wvRrVZYqFerexS.rL06ErzOyxMvysk85fXGTWouTg4.', NULL, 0, 1, 0, NULL),
('e89e0eb6-9d8a-4116-a635-2fe19d36e61e', 'Ortu Mochammad Ryan Abdillah', '0045814875', '$2y$10$KEHRY7KeeHAAOV2aCpabP.7qmIIfLNNNERVT9UhIligpDQmlctXaS', NULL, 0, 1, 0, NULL),
('e97e9258-7bd2-4e70-a917-fe72aae975c9', 'Ortu Syalva Fatimah Az-Zahra', '0031383948', '$2y$10$GE3JbxGI2JslwqTqGa/aq.aNSajfBcksyPswECQfsaxcvxmSKLXTe', NULL, 0, 1, 0, NULL),
('e9fd41a5-ae40-4752-9409-498da5c8166a', 'Ortu Bagas Giat Kuncoro', '0052477009', '$2y$10$kS5FD75LWSACvmM1H327qOS2VNawaVm1mKhqUM/bsyQLmiZGlWBs6', NULL, 0, 1, 0, NULL),
('ea29690e-d298-461f-8c74-330351769507', 'Ortu Briliana Alhan Maharani', '0052337973', '$2y$10$Kop7/ZJ9declSdFnvq7.sekDSNshlbRZOlxTnCH4KX6qPaeKI.xE6', NULL, 0, 1, 0, NULL),
('ea87af4f-88e1-48ef-978d-c9ef615901e0', 'Ortu Dimas Noerhidayat', '0056367397', '$2y$10$OHavbBGKsyLIPQcDF8IlquYttbIP9UYQcYYsXTltTDYMnpw/NPAea', NULL, 0, 1, 0, NULL),
('eaa4489d-ae78-4d8c-9e6a-0d898c9e567c', 'Ortu Dini Nur Abida Aulia', '0051055145', '$2y$10$OJskuzzX9ba.AXS/1mOUAOtNDuqajSSDg5jl2sUF6./ey8V0dzrpO', NULL, 0, 1, 0, NULL),
('ed60018b-e53e-49c5-91d6-2a21e15021c8', 'Ortu Irpan Yudoyono', '0048552768', '$2y$10$w6xB/gXKIaloGWvfjlzrzuBGkxcQeFMls/Y.yj5A6ajlmJP8XVanO', NULL, 0, 1, 0, NULL),
('ed8936a0-8d13-48ec-ab1f-f94fdf0df946', 'Ortu Fathul Aris Nurmanto', '0054956408', '$2y$10$t5tGD6LYdBiGsCdOLmUoreLKhm3P3Rkxm8JMjLqQr9CzY8ccVMjy.', NULL, 0, 1, 0, NULL),
('edee4203-a67e-42d6-8913-7383ff65f467', 'Ortu Revi Amandania Ariyanto', '0065302424', '$2y$10$BHr3i5dQV5g0sWPpFS/qM.JEpUnRKegr464i.8Rf2uTqGKEgED88C', NULL, 0, 1, 0, NULL),
('ee651c5e-d331-4b72-96b8-6a14aca5c299', 'Ortu Satria Nur Huda', '0044491202', '$2y$10$d9qBUzXnMLSAExEga8t9BuE1wqjplkZVuG8bhBGQWqEew9RkZUuTC', NULL, 0, 1, 0, NULL),
('ef4a8878-a2dc-4948-840b-e4db13154fdc', 'Ortu Fathul Aris Nurmanto', '0054956408', '$2y$10$PDt/jL9C3MY7dKyfVJpRYuNkTMT3cdQj.xSJOBooca7B.SnNd6SHG', NULL, 0, 1, 0, NULL),
('efcadda2-ae93-43ad-8f98-4f5cb9fe33cd', 'Ortu Muhammad Royan Touhuri', '0068960128', '$2y$10$hsvhwHaamKgeECWkzqnz4.VjbsK.Vw1ZIUXmZAJtFSyC4BFD0K7am', NULL, 0, 1, 0, NULL),
('f0ad516a-c40c-42bb-bcc7-dfd54726c011', 'Ortu Wadya Handana Warih', '0043350363', '$2y$10$ilGseKWzFgHdPwgBMTaTPe2VfmbWIyrjwJOFRkcohseBQFwuFKDxG', NULL, 0, 1, 0, NULL),
('f1646051-88c9-4b79-8c73-d5c950f798d7', 'Ortu Davy Ariant Prayoga', '0056449352', '$2y$10$0b4rSeQlImxGj4IF9fNidOfq2sZa8ReiHvPlFsD4XzfJ6HmvFq0cO', NULL, 0, 1, 0, NULL),
('f26c1973-1cba-48cd-8e18-c907b0c10c73', 'Ortu Rafa Hasna Aurelia', '0052935444', '$2y$10$CTjhbTJGBGcZNKkit346ueO4/rkhqTZfM6Q4I0eigITsmOgSDWidq', NULL, 0, 1, 0, NULL),
('f3e5caf4-9cbc-48d3-afa1-db7f431b86f8', 'Ortu Novi Citra Arumdani', '0036297726', '$2y$10$z7gBIU8BcBcY0B.VPRKFEe3.lmIDznwkfTTiPX80RjCrpyej0wK9q', NULL, 0, 1, 0, NULL),
('f417cc9d-d617-46ca-ac5b-4908ff809a1f', 'Ortu Mar\'atusholiha', '0057059206', '$2y$10$Syg10RGT5fA9i8aqtqf4KeJ/dWoZLYA2onej61SVsmU5baAmziEsK', NULL, 0, 1, 0, NULL),
('f4e32c79-3d08-4b43-81a9-099be1c4fc07', 'Ortu Indah Cahyani', '0042651100', '$2y$10$ubz2g.x.3XEDvrWKeI/rpecr742BTMjvOD2RIDyf09pvB2OgJGK3G', NULL, 0, 1, 0, NULL),
('f60c5cc0-970b-499e-bf99-06d4437a1a68', 'Ortu Alvito Virgiawan', '0045035102', '$2y$10$PxWcDGeYcHtNhfXWRznOKeQNTgAFHENVzqEDD2i2fHRvOdB7o/vs6', NULL, 0, 1, 0, NULL),
('f6401871-e5df-4597-8029-9e875e7b57f5', 'Ortu Syaiful Anwar Ibrahim', '0055703804', '$2y$10$g8oDaWNqOpkVf5c.V3ITEucydK7QiJEX59edc.k/2aM3iHBl3X4tq', NULL, 0, 1, 0, NULL),
('f664cf06-33c6-4f6c-9ddd-30236ba2621e', 'Ortu Muhammad Rafi Ramadhan', '0052969752', '$2y$10$CL39EVePbJ7GezQdapVADutFvOuXpK7XPevsmUc2PASPwhiy6oDla', NULL, 0, 1, 0, NULL),
('f67f0187-afa5-4b57-b52f-6da37f81ff23', 'Ortu Imron', '0059000005', '$2y$10$csAwAvcETKweBIeni8.IOOEi/qk3fzQsbTGTbL/rU/BLP6klkb2zG', NULL, 0, 1, 0, NULL),
('f6811c6d-bd0d-4d75-8aa3-40116ed20dfd', 'Ortu Kezya Zirly Salsabilla', '0037034289', '$2y$10$GOJc67mcSCNtGkKjCsOTNu0aTQTuvZcq/1oszgRYFZpx3dmXlm/2C', NULL, 0, 1, 0, NULL),
('f6c433df-9ac5-4aa4-b22f-25cb5b546f77', 'Ortu Luthfi Dzulfikar Yudyanzah', '0067666394', '$2y$10$AgbbBIJTGIhPnnNXhobZS.I/6i0a/dgzIvWJhoOxCMwGPNzx9GNPW', NULL, 0, 1, 0, NULL),
('f6e177b8-a0c9-43fa-a3af-87988b1ab519', 'Ortu Adinda Lutfiatul Faridah', '0042018530', '$2y$10$ZQ1Y0bpb/6zNAx5Kh0tc7ewf5CmZYBvoLF0VvR05.hmlTd3GrH2wC', NULL, 0, 1, 0, NULL),
('f7374e93-1381-425d-ac7b-9a662233fc75', 'Ortu Indah Melati', '0065832259', '$2y$10$0AzL8gD7Bx2qeKX7WxQzReE/OchJjIWU2ygbaT1DXcPUZLm0LSeUG', NULL, 0, 1, 0, NULL),
('f7945c6a-67a1-40a3-941a-bba4d8b8e791', 'Ortu Khoirun Iqbal', '0042776102', '$2y$10$J16qrX4fGjeVm4pX37Kj8uYt/qkFH6SIxYtDOm2KUKCtMm5UKuEfS', NULL, 0, 1, 0, NULL),
('f80b1399-df16-43f5-9d37-3707ccb22b90', 'Ortu Rintika Sari', '0053444094', '$2y$10$kzEpm/ROCoeogjHUXM3QUeuses540i.OjoyB05srKzif4Wu3dMpgq', NULL, 0, 1, 0, NULL),
('f837e958-fd2c-4235-b646-d30b4af6b6e4', 'Ortu Rheina Deavina Olivia', '0040853943', '$2y$10$BNUE8KS6ZCdhTbEo8WE3euT99fALNjJMuO7QyiMysJV0D7jnva58O', NULL, 0, 1, 0, NULL),
('f8970258-eb1a-40a9-bc1f-7b3f64b35a84', 'Ortu Arjuna Jaka Prawira', '3048540921', '$2y$10$Zx/GOoBjvtR892UJih1NP.J2./l8f0UvA.CBm2cBwTDAFTZXO/ebm', NULL, 0, 1, 0, NULL),
('f96a997e-10ec-4e8a-abdd-19047c67536a', 'Ortu Tiara Octa Febrilian', '0063617530', '$2y$10$ex9q5xSFls2Hb95lnmQ9POc.geyWeLIWWn9yZMfmEO/0oiN8i64iq', NULL, 0, 1, 0, NULL),
('f9a54a6b-f770-4743-babd-b9ad361eed0e', 'Ortu Muhammad Zakki Sebastian Lutfi', '0061280259', '$2y$10$.9uur9xU/fsFn0.lK.nBk.X6WLtkylu.57G.j2IVjUgwm8fm3th5y', NULL, 0, 1, 0, NULL),
('fa41167f-a0f3-458a-bd9a-59793e574b6d', 'Ortu Fathul Mubin Fadhlillah', '0036711955', '$2y$10$BGF4soQ9k55PF8WgptYeT.9QOQ8A5mj3i3MZcLLIISntdwCKRZy0O', NULL, 0, 1, 0, NULL),
('fab2f4ec-eeb7-4b3c-85c0-95e3fdc6865c', 'Ortu Rizal Saipul Abidin', '0038844818', '$2y$10$PZtNQb.ZI04oGPczoZxE4uVSkibyAB.lt1mmA0sjYYGSOZB5WdhvS', NULL, 0, 1, 0, NULL),
('fb02b49e-f2f9-472d-8a51-f2aca8499157', 'Ortu Dini Hakim Azhari', '0041408489', '$2y$10$k4YR1elL2mCtST1ioEk3k.FuZpcevykvmSHokwH880Ku0YKo1n8rS', NULL, 0, 1, 0, NULL),
('fb809ff2-5a5e-4154-86b1-ea06f095f716', 'Ortu Amelia Salamah', '0047463504', '$2y$10$cO0jP9zuNLSSytkUFQV7xuqHmz8vwcKQPDpCDVyvxud.Z0HgGtKR.', NULL, 0, 1, 0, NULL),
('fb920fab-5eba-4a92-b640-4477ea4d1eae', 'Ortu Muhammad Ali Algani', '0053292876', '$2y$10$.4kSdZW802FkfgILtwlxFuniP0pQb9OF8G5IR6nGdw8kHrPQVXBm.', NULL, 0, 1, 0, NULL),
('fb9f7210-d167-4f5e-8f67-74ec55fe3ba4', 'Ortu Syifa Zahra Aulia', '0055792001', '$2y$10$cxD/HJW7sNRcegOTHgmjZOQ7WzWhpjVMH1vi1pWYifRAFYbwEHLVS', NULL, 0, 1, 0, NULL),
('fc608da3-c9d8-4201-afe7-145b6965c834', 'Ortu Anatasya Rhenata', '0041838750', '$2y$10$jvTz6fEwymSBWWB1gcXn/.oTlMvrLG8PsQ8Umhq5KX0D8w7.X4.rK', NULL, 0, 1, 0, NULL),
('fcfaaefc-20b2-4977-9130-0df5129aa6df', 'Ortu Anis Susiati', '0069038037', '$2y$10$p8uDW4vc/akbBBJi2MjX6up4aHmENFa18mIguF1TjqV8kxi.y5obe', NULL, 0, 1, 0, NULL),
('fe458c0f-4772-4373-a5f9-f0334db85cac', 'Ortu Ainun Nisa', '0063013962', '$2y$10$7cRHDKGUopsbTzzdzgl1Y.FIF5WULMDbFM1XBfb1rAoEsf4RfmNjS', NULL, 0, 1, 0, NULL),
('fecf023d-00cf-4c27-ae6f-6eae2ee8d526', 'Ortu Syifa Rohayin Qurrotu Aini Alfahmy', '0049023745', '$2y$10$FjWrgfu3iEDqtnpIBbNMGeoyEE.unVAsanrtBVqlcox5FUfYJuQwS', NULL, 0, 1, 0, NULL),
('ffb9fd9d-831d-488a-b9a1-9afc5e717d16', 'Ortu Bagas Arya Binarung', '0042112511', '$2y$10$tpvDLf5P.YITVVJDir8hEOQgWr6xrvTDSm7QBpr4MLd1bm2VPQNxe', NULL, 0, 1, 0, NULL);

--
-- Indexes for dumped tables
--

--
-- Indexes for table `kantin`
--
ALTER TABLE `kantin`
  ADD PRIMARY KEY (`id_kantin`);

--
-- Indexes for table `kelas`
--
ALTER TABLE `kelas`
  ADD PRIMARY KEY (`id_kelas`);

--
-- Indexes for table `kelas_siswa`
--
ALTER TABLE `kelas_siswa`
  ADD PRIMARY KEY (`id_kelas_siswa`),
  ADD KEY `id_siswa` (`id_siswa`),
  ADD KEY `id_kelas` (`id_kelas`),
  ADD KEY `id_tahun_ajaran` (`id_tahun_ajaran`);

--
-- Indexes for table `keluarga`
--
ALTER TABLE `keluarga`
  ADD PRIMARY KEY (`id_keluarga`),
  ADD KEY `id_siswa` (`id_siswa`),
  ADD KEY `id_siswa_keluarga` (`id_siswa_keluarga`);

--
-- Indexes for table `kolom_spp`
--
ALTER TABLE `kolom_spp`
  ADD PRIMARY KEY (`id_kolom_spp`);

--
-- Indexes for table `petugas`
--
ALTER TABLE `petugas`
  ADD PRIMARY KEY (`id_petugas`),
  ADD KEY `id_users` (`id_users`);

--
-- Indexes for table `siswa`
--
ALTER TABLE `siswa`
  ADD PRIMARY KEY (`id_siswa`);

--
-- Indexes for table `spp`
--
ALTER TABLE `spp`
  ADD PRIMARY KEY (`id_spp`),
  ADD KEY `id_kelas_siswa` (`id_kelas_siswa`);

--
-- Indexes for table `spp_bayar`
--
ALTER TABLE `spp_bayar`
  ADD PRIMARY KEY (`id_spp_bayar`),
  ADD KEY `id_spp_bulan_tahun` (`id_spp_bulan_tahun`);

--
-- Indexes for table `spp_bulan_tahun`
--
ALTER TABLE `spp_bulan_tahun`
  ADD PRIMARY KEY (`id_spp_bulan_tahun`),
  ADD KEY `id_spp` (`id_spp`);

--
-- Indexes for table `spp_detail`
--
ALTER TABLE `spp_detail`
  ADD PRIMARY KEY (`id_spp_detail`),
  ADD KEY `id_kolom_spp` (`id_kolom_spp`),
  ADD KEY `id_spp_bulan_tahun` (`id_spp_bulan_tahun`);

--
-- Indexes for table `tahun_ajaran`
--
ALTER TABLE `tahun_ajaran`
  ADD PRIMARY KEY (`id_tahun_ajaran`);

--
-- Indexes for table `users`
--
ALTER TABLE `users`
  ADD PRIMARY KEY (`id_users`);

--
-- Constraints for dumped tables
--

--
-- Constraints for table `kelas_siswa`
--
ALTER TABLE `kelas_siswa`
  ADD CONSTRAINT `kelas_siswa_ibfk_1` FOREIGN KEY (`id_siswa`) REFERENCES `siswa` (`id_siswa`) ON UPDATE CASCADE,
  ADD CONSTRAINT `kelas_siswa_ibfk_2` FOREIGN KEY (`id_kelas`) REFERENCES `kelas` (`id_kelas`) ON UPDATE CASCADE,
  ADD CONSTRAINT `kelas_siswa_ibfk_3` FOREIGN KEY (`id_tahun_ajaran`) REFERENCES `tahun_ajaran` (`id_tahun_ajaran`) ON UPDATE CASCADE;

--
-- Constraints for table `keluarga`
--
ALTER TABLE `keluarga`
  ADD CONSTRAINT `keluarga_ibfk_1` FOREIGN KEY (`id_siswa`) REFERENCES `siswa` (`id_siswa`) ON DELETE CASCADE ON UPDATE CASCADE,
  ADD CONSTRAINT `keluarga_ibfk_2` FOREIGN KEY (`id_siswa_keluarga`) REFERENCES `siswa` (`id_siswa`) ON DELETE CASCADE ON UPDATE CASCADE;

--
-- Constraints for table `petugas`
--
ALTER TABLE `petugas`
  ADD CONSTRAINT `petugas_ibfk_1` FOREIGN KEY (`id_users`) REFERENCES `users` (`id_users`) ON UPDATE CASCADE;

--
-- Constraints for table `spp`
--
ALTER TABLE `spp`
  ADD CONSTRAINT `spp_ibfk_1` FOREIGN KEY (`id_kelas_siswa`) REFERENCES `kelas_siswa` (`id_kelas_siswa`) ON UPDATE CASCADE;

--
-- Constraints for table `spp_bayar`
--
ALTER TABLE `spp_bayar`
  ADD CONSTRAINT `spp_bayar_ibfk_1` FOREIGN KEY (`id_spp_bulan_tahun`) REFERENCES `spp_bulan_tahun` (`id_spp_bulan_tahun`) ON DELETE CASCADE ON UPDATE CASCADE;

--
-- Constraints for table `spp_bulan_tahun`
--
ALTER TABLE `spp_bulan_tahun`
  ADD CONSTRAINT `spp_bulan_tahun_ibfk_1` FOREIGN KEY (`id_spp`) REFERENCES `spp` (`id_spp`) ON DELETE CASCADE ON UPDATE CASCADE;

--
-- Constraints for table `spp_detail`
--
ALTER TABLE `spp_detail`
  ADD CONSTRAINT `spp_detail_ibfk_2` FOREIGN KEY (`id_kolom_spp`) REFERENCES `kolom_spp` (`id_kolom_spp`) ON UPDATE CASCADE,
  ADD CONSTRAINT `spp_detail_ibfk_3` FOREIGN KEY (`id_spp_bulan_tahun`) REFERENCES `spp_bulan_tahun` (`id_spp_bulan_tahun`) ON DELETE CASCADE ON UPDATE CASCADE;
COMMIT;

/*!40101 SET CHARACTER_SET_CLIENT=@OLD_CHARACTER_SET_CLIENT */;
/*!40101 SET CHARACTER_SET_RESULTS=@OLD_CHARACTER_SET_RESULTS */;
/*!40101 SET COLLATION_CONNECTION=@OLD_COLLATION_CONNECTION */;
